file,line,type,commit,author,date,time,timezone,datetime,depth,length
static\style.css,1,css,4ece5fd,mariana,2025-03-27,09:52:18,-03:00,2025-03-27T09:52:18-03:00,0,6
static\style.css,2,css,9f9bbab0,mariana,2025-04-03,11:27:13,-03:00,2025-04-03T11:27:13-03:00,0,32
static\style.css,3,css,9f9bbab0,mariana,2025-04-03,11:27:13,-03:00,2025-04-03T11:27:13-03:00,0,32
static\style.css,4,css,9f9bbab0,mariana,2025-04-03,11:27:13,-03:00,2025-04-03T11:27:13-03:00,1,33
static\style.css,5,css,9f9bbab0,mariana,2025-04-03,11:27:13,-03:00,2025-04-03T11:27:13-03:00,1,48
static\style.css,6,css,9f9bbab0,mariana,2025-04-03,11:27:13,-03:00,2025-04-03T11:27:13-03:00,0,0
static\style.css,7,css,4ece5fd,mariana,2025-03-27,09:52:18,-03:00,2025-03-27T09:52:18-03:00,0,0
static\style.css,8,css,9f9bbab0,mariana,2025-04-03,11:27:13,-03:00,2025-04-03T11:27:13-03:00,0,4
static\style.css,9,css,9f9bbab0,mariana,2025-04-03,11:27:13,-03:00,2025-04-03T11:27:13-03:00,1,24
static\style.css,10,css,9f9bbab0,mariana,2025-04-03,11:27:13,-03:00,2025-04-03T11:27:13-03:00,0,0
static\style.css,11,css,4ece5fd,mariana,2025-03-27,09:52:18,-03:00,2025-03-27T09:52:18-03:00,0,5
static\style.css,12,css,9f9bbab0,mariana,2025-04-03,11:27:13,-03:00,2025-04-03T11:27:13-03:00,0,41
static\style.css,13,css,9f9bbab0,mariana,2025-04-03,11:27:13,-03:00,2025-04-03T11:27:13-03:00,0,29
static\style.css,14,css,9f9bbab0,mariana,2025-04-03,11:27:13,-03:00,2025-04-03T11:27:13-03:00,0,32
static\style.css,15,css,9f9bbab0,mariana,2025-04-03,11:27:13,-03:00,2025-04-03T11:27:13-03:00,1,25
static\style.css,16,css,9f9bbab0,mariana,2025-04-03,11:27:13,-03:00,2025-04-03T11:27:13-03:00,0,0
static\style.css,17,css,9f9bbab0,mariana,2025-04-03,11:27:13,-03:00,2025-04-03T11:27:13-03:00,0,0
static\style.css,18,css,9f9bbab0,mariana,2025-04-03,11:27:13,-03:00,2025-04-03T11:27:13-03:00,0,6
static\style.css,19,css,9f9bbab0,mariana,2025-04-03,11:27:13,-03:00,2025-04-03T11:27:13-03:00,0,7
static\style.css,20,css,9f9bbab0,mariana,2025-04-03,11:27:13,-03:00,2025-04-03T11:27:13-03:00,1,32
static\style.css,21,css,4ece5fd,mariana,2025-03-27,09:52:18,-03:00,2025-03-27T09:52:18-03:00,0,0
static\style.css,22,css,4ece5fd,mariana,2025-03-27,09:52:18,-03:00,2025-03-27T09:52:18-03:00,0,0
static\style.css,23,css,4ece5fd,mariana,2025-03-27,09:52:18,-03:00,2025-03-27T09:52:18-03:00,0,4
static\style.css,24,css,9f9bbab0,mariana,2025-04-03,11:27:13,-03:00,2025-04-03T11:27:13-03:00,1,40
static\style.css,25,css,9f9bbab0,mariana,2025-04-03,11:27:13,-03:00,2025-04-03T11:27:13-03:00,1,0
static\style.css,26,css,9f9bbab0,mariana,2025-04-03,11:27:13,-03:00,2025-04-03T11:27:13-03:00,1,33
static\style.css,27,css,9f9bbab0,mariana,2025-04-03,11:27:13,-03:00,2025-04-03T11:27:13-03:00,1,38
static\style.css,28,css,9f9bbab0,mariana,2025-04-03,11:27:13,-03:00,2025-04-03T11:27:13-03:00,1,43
static\style.css,29,css,9f9bbab0,mariana,2025-04-03,11:27:13,-03:00,2025-04-03T11:27:13-03:00,1,45
static\style.css,30,css,9f9bbab0,mariana,2025-04-03,11:27:13,-03:00,2025-04-03T11:27:13-03:00,1,0
static\style.css,31,css,9f9bbab0,mariana,2025-04-03,11:27:13,-03:00,2025-04-03T11:27:13-03:00,1,40
static\style.css,32,css,4ece5fd,mariana,2025-03-27,09:52:18,-03:00,2025-03-27T09:52:18-03:00,0,0
static\style.css,33,css,4ece5fd,mariana,2025-03-27,09:52:18,-03:00,2025-03-27T09:52:18-03:00,0,0
static\style.css,34,css,4ece5fd,mariana,2025-03-27,09:52:18,-03:00,2025-03-27T09:52:18-03:00,0,6
static\style.css,35,css,9f9bbab0,mariana,2025-04-03,11:27:13,-03:00,2025-04-03T11:27:13-03:00,1,26
static\style.css,36,css,9f9bbab0,mariana,2025-04-03,11:27:13,-03:00,2025-04-03T11:27:13-03:00,1,40
static\style.css,37,css,9f9bbab0,mariana,2025-04-03,11:27:13,-03:00,2025-04-03T11:27:13-03:00,1,34
static\style.css,38,css,9f9bbab0,mariana,2025-04-03,11:27:13,-03:00,2025-04-03T11:27:13-03:00,1,38
static\style.css,39,css,9f9bbab0,mariana,2025-04-03,11:27:13,-03:00,2025-04-03T11:27:13-03:00,1,34
static\style.css,40,css,4ece5fd,mariana,2025-03-27,09:52:18,-03:00,2025-03-27T09:52:18-03:00,0,0
static\style.css,41,css,4ece5fd,mariana,2025-03-27,09:52:18,-03:00,2025-03-27T09:52:18-03:00,0,0
static\style.css,42,css,9f9bbab0,mariana,2025-04-03,11:27:13,-03:00,2025-04-03T11:27:13-03:00,0,14
static\style.css,43,css,9f9bbab0,mariana,2025-04-03,11:27:13,-03:00,2025-04-03T11:27:13-03:00,1,43
static\style.css,44,css,9f9bbab0,mariana,2025-04-03,11:27:13,-03:00,2025-04-03T11:27:13-03:00,1,43
static\style.css,45,css,9f9bbab0,mariana,2025-04-03,11:27:13,-03:00,2025-04-03T11:27:13-03:00,1,40
static\style.css,46,css,9f9bbab0,mariana,2025-04-03,11:27:13,-03:00,2025-04-03T11:27:13-03:00,1,38
static\style.css,47,css,9f9bbab0,mariana,2025-04-03,11:27:13,-03:00,2025-04-03T11:27:13-03:00,1,35
static\style.css,48,css,4ece5fd,mariana,2025-03-27,09:52:18,-03:00,2025-03-27T09:52:18-03:00,0,0
static\style.css,49,css,4ece5fd,mariana,2025-03-27,09:52:18,-03:00,2025-03-27T09:52:18-03:00,0,0
static\style.css,50,css,9f9bbab0,mariana,2025-04-03,11:27:13,-03:00,2025-04-03T11:27:13-03:00,0,12
static\style.css,51,css,9f9bbab0,mariana,2025-04-03,11:27:13,-03:00,2025-04-03T11:27:13-03:00,1,25
static\style.css,52,css,9f9bbab0,mariana,2025-04-03,11:27:13,-03:00,2025-04-03T11:27:13-03:00,1,25
static\style.css,53,css,9f9bbab0,mariana,2025-04-03,11:27:13,-03:00,2025-04-03T11:27:13-03:00,1,39
static\style.css,54,css,9f9bbab0,mariana,2025-04-03,11:27:13,-03:00,2025-04-03T11:27:13-03:00,1,20
static\style.css,55,css,9f9bbab0,mariana,2025-04-03,11:27:13,-03:00,2025-04-03T11:27:13-03:00,1,70
static\style.css,56,css,4ece5fd,mariana,2025-03-27,09:52:18,-03:00,2025-03-27T09:52:18-03:00,0,0
static\style.css,57,css,4ece5fd,mariana,2025-03-27,09:52:18,-03:00,2025-03-27T09:52:18-03:00,0,0
static\style.css,58,css,24dc6c09,mariana,2025-03-27,12:37:18,-03:00,2025-03-27T12:37:18-03:00,0,13
static\style.css,59,css,24dc6c09,mariana,2025-03-27,12:37:18,-03:00,2025-03-27T12:37:18-03:00,1,17
static\style.css,60,css,24dc6c09,mariana,2025-03-27,12:37:18,-03:00,2025-03-27T12:37:18-03:00,1,9
static\style.css,61,css,24dc6c09,mariana,2025-03-27,12:37:18,-03:00,2025-03-27T12:37:18-03:00,1,11
static\style.css,62,css,24dc6c09,mariana,2025-03-27,12:37:18,-03:00,2025-03-27T12:37:18-03:00,1,20
static\style.css,63,css,24dc6c09,mariana,2025-03-27,12:37:18,-03:00,2025-03-27T12:37:18-03:00,1,8
static\style.css,64,css,24dc6c09,mariana,2025-03-27,12:37:18,-03:00,2025-03-27T12:37:18-03:00,0,0
static\style.css,65,css,24dc6c09,mariana,2025-03-27,12:37:18,-03:00,2025-03-27T12:37:18-03:00,0,0
static\style.css,66,css,9f9bbab0,mariana,2025-04-03,11:27:13,-03:00,2025-04-03T11:27:13-03:00,0,22
static\style.css,67,css,9f9bbab0,mariana,2025-04-03,11:27:13,-03:00,2025-04-03T11:27:13-03:00,0,48
static\style.css,68,css,4ece5fd,mariana,2025-03-27,09:52:18,-03:00,2025-03-27T09:52:18-03:00,0,0
static\style.css,69,css,4ece5fd,mariana,2025-03-27,09:52:18,-03:00,2025-03-27T09:52:18-03:00,0,0
static\style.css,70,css,9f9bbab0,mariana,2025-04-03,11:27:13,-03:00,2025-04-03T11:27:13-03:00,0,20
static\style.css,71,css,9f9bbab0,mariana,2025-04-03,11:27:13,-03:00,2025-04-03T11:27:13-03:00,0,34
static\style.css,72,css,4ece5fd,mariana,2025-03-27,09:52:18,-03:00,2025-03-27T09:52:18-03:00,0,14
static\style.css,73,css,4ece5fd,mariana,2025-03-27,09:52:18,-03:00,2025-03-27T09:52:18-03:00,0,0
static\style.css,74,css,4ece5fd,mariana,2025-03-27,09:52:18,-03:00,2025-03-27T09:52:18-03:00,0,24
static\style.css,75,css,4ece5fd,mariana,2025-03-27,09:52:18,-03:00,2025-03-27T09:52:18-03:00,0,11
static\style.css,76,css,9f9bbab0,mariana,2025-04-03,11:27:13,-03:00,2025-04-03T11:27:13-03:00,1,22
static\style.css,77,css,4ece5fd,mariana,2025-03-27,09:52:18,-03:00,2025-03-27T09:52:18-03:00,0,0
static\style.css,78,css,9f9bbab0,mariana,2025-04-03,11:27:13,-03:00,2025-04-03T11:27:13-03:00,0,6
static\style.css,79,css,9f9bbab0,mariana,2025-04-03,11:27:13,-03:00,2025-04-03T11:27:13-03:00,0,18
static\style.css,80,css,9f9bbab0,mariana,2025-04-03,11:27:13,-03:00,2025-04-03T11:27:13-03:00,0,3
static\style.css,81,css,9f9bbab0,mariana,2025-04-03,11:27:13,-03:00,2025-04-03T11:27:13-03:00,0,12
static\style.css,82,css,4ece5fd,mariana,2025-03-27,09:52:18,-03:00,2025-03-27T09:52:18-03:00,0,0
static\style.css,83,css,9f9bbab0,mariana,2025-04-03,11:27:13,-03:00,2025-04-03T11:27:13-03:00,0,3
static\style.css,84,css,9f9bbab0,mariana,2025-04-03,11:27:13,-03:00,2025-04-03T11:27:13-03:00,1,28
static\style.css,85,css,4ece5fd,mariana,2025-03-27,09:52:18,-03:00,2025-03-27T09:52:18-03:00,0,0
static\style.css,86,css,4ece5fd,mariana,2025-03-27,09:52:18,-03:00,2025-03-27T09:52:18-03:00,0,0
static\style.css,87,css,9f9bbab0,mariana,2025-04-03,11:27:13,-03:00,2025-04-03T11:27:13-03:00,0,3
static\style.css,88,css,9f9bbab0,mariana,2025-04-03,11:27:13,-03:00,2025-04-03T11:27:13-03:00,1,28
static\style.css,89,css,9f9bbab0,mariana,2025-04-03,11:27:13,-03:00,2025-04-03T11:27:13-03:00,0,0
static\style.css,90,css,9f9bbab0,mariana,2025-04-03,11:27:13,-03:00,2025-04-03T11:27:13-03:00,0,22
static\style.css,91,css,9f9bbab0,mariana,2025-04-03,11:27:13,-03:00,2025-04-03T11:27:13-03:00,1,29
static\style.css,92,css,9f9bbab0,mariana,2025-04-03,11:27:13,-03:00,2025-04-03T11:27:13-03:00,1,31
static\style.css,93,css,4ece5fd,mariana,2025-03-27,09:52:18,-03:00,2025-03-27T09:52:18-03:00,0,0
static\style.css,94,css,4ece5fd,mariana,2025-03-27,09:52:18,-03:00,2025-03-27T09:52:18-03:00,0,0
static\style.css,95,css,9f9bbab0,mariana,2025-04-03,11:27:13,-03:00,2025-04-03T11:27:13-03:00,0,7
static\style.css,96,css,9f9bbab0,mariana,2025-04-03,11:27:13,-03:00,2025-04-03T11:27:13-03:00,1,29
static\style.css,97,css,9f9bbab0,mariana,2025-04-03,11:27:13,-03:00,2025-04-03T11:27:13-03:00,1,53
static\style.css,98,css,9f9bbab0,mariana,2025-04-03,11:27:13,-03:00,2025-04-03T11:27:13-03:00,1,31
static\style.css,99,css,9f9bbab0,mariana,2025-04-03,11:27:13,-03:00,2025-04-03T11:27:13-03:00,0,0
static\style.css,100,css,9f9bbab0,mariana,2025-04-03,11:27:13,-03:00,2025-04-03T11:27:13-03:00,0,6
static\style.css,101,css,9f9bbab0,mariana,2025-04-03,11:27:13,-03:00,2025-04-03T11:27:13-03:00,1,56
static\style.css,102,css,9f9bbab0,mariana,2025-04-03,11:27:13,-03:00,2025-04-03T11:27:13-03:00,1,33
static\style.css,103,css,9f9bbab0,mariana,2025-04-03,11:27:13,-03:00,2025-04-03T11:27:13-03:00,1,41
static\style.css,104,css,24dc6c09,mariana,2025-03-27,12:37:18,-03:00,2025-03-27T12:37:18-03:00,0,0
static\style.css,105,css,9f9bbab0,mariana,2025-04-03,11:27:13,-03:00,2025-04-03T11:27:13-03:00,0,10
static\style.css,106,css,9f9bbab0,mariana,2025-04-03,11:27:13,-03:00,2025-04-03T11:27:13-03:00,1,12
static\style.css,107,css,9f9bbab0,mariana,2025-04-03,11:27:13,-03:00,2025-04-03T11:27:13-03:00,1,60
static\style.css,108,css,9f9bbab0,mariana,2025-04-03,11:27:13,-03:00,2025-04-03T11:27:13-03:00,1,15
static\style.css,109,css,9f9bbab0,mariana,2025-04-03,11:27:13,-03:00,2025-04-03T11:27:13-03:00,1,14
static\style.css,110,css,9f9bbab0,mariana,2025-04-03,11:27:13,-03:00,2025-04-03T11:27:13-03:00,0,0
static\global.js,1,js,4ece5fd,mariana,2025-03-27,09:52:18,-03:00,2025-03-27T09:52:18-03:00,0,23
static\global.js,2,js,4ece5fd,mariana,2025-03-27,09:52:18,-03:00,2025-03-27T09:52:18-03:00,0,0
static\global.js,3,js,4ece5fd,mariana,2025-03-27,09:52:18,-03:00,2025-03-27T09:52:18-03:00,0,46
static\global.js,4,js,4ece5fd,mariana,2025-03-27,09:52:18,-03:00,2025-03-27T09:52:18-03:00,1,53
static\global.js,5,js,4ece5fd,mariana,2025-03-27,09:52:18,-03:00,2025-03-27T09:52:18-03:00,0,0
static\global.js,6,js,4ece5fd,mariana,2025-03-27,09:52:18,-03:00,2025-03-27T09:52:18-03:00,0,0
static\global.js,7,js,4ece5fd,mariana,2025-03-27,09:52:18,-03:00,2025-03-27T09:52:18-03:00,0,26
static\global.js,8,js,4ece5fd,mariana,2025-03-27,09:52:18,-03:00,2025-03-27T09:52:18-03:00,0,0
static\global.js,9,js,4ece5fd,mariana,2025-03-27,09:52:18,-03:00,2025-03-27T09:52:18-03:00,0,31
static\global.js,10,js,4ece5fd,mariana,2025-03-27,09:52:18,-03:00,2025-03-27T09:52:18-03:00,0,64
static\global.js,11,js,4ece5fd,mariana,2025-03-27,09:52:18,-03:00,2025-03-27T09:52:18-03:00,0,1
static\global.js,12,js,4ece5fd,mariana,2025-03-27,09:52:18,-03:00,2025-03-27T09:52:18-03:00,0,0
static\global.js,13,js,4ece5fd,mariana,2025-03-27,09:52:18,-03:00,2025-03-27T09:52:18-03:00,0,54
static\global.js,14,js,4ece5fd,mariana,2025-03-27,09:52:18,-03:00,2025-03-27T09:52:18-03:00,1,36
static\global.js,15,js,4ece5fd,mariana,2025-03-27,09:52:18,-03:00,2025-03-27T09:52:18-03:00,0,3
static\global.js,16,js,4ece5fd,mariana,2025-03-27,09:52:18,-03:00,2025-03-27T09:52:18-03:00,0,0
static\global.js,17,js,9f9bbab0,mariana,2025-04-03,11:27:13,-03:00,2025-04-03T11:27:13-03:00,0,71
static\global.js,18,js,9f9bbab0,mariana,2025-04-03,11:27:13,-03:00,2025-04-03T11:27:13-03:00,0,0
static\global.js,19,js,9f9bbab0,mariana,2025-04-03,11:27:13,-03:00,2025-04-03T11:27:13-03:00,0,12
static\global.js,20,js,9f9bbab0,mariana,2025-04-03,11:27:13,-03:00,2025-04-03T11:27:13-03:00,1,25
static\global.js,21,js,9f9bbab0,mariana,2025-04-03,11:27:13,-03:00,2025-04-03T11:27:13-03:00,1,38
static\global.js,22,js,9f9bbab0,mariana,2025-04-03,11:27:13,-03:00,2025-04-03T11:27:13-03:00,1,36
static\global.js,23,js,9f9bbab0,mariana,2025-04-03,11:27:13,-03:00,2025-04-03T11:27:13-03:00,0,34
static\global.js,24,js,9f9bbab0,mariana,2025-04-03,11:27:13,-03:00,2025-04-03T11:27:13-03:00,0,56
static\global.js,25,js,9f9bbab0,mariana,2025-04-03,11:27:13,-03:00,2025-04-03T11:27:13-03:00,0,1
static\global.js,26,js,9f9bbab0,mariana,2025-04-03,11:27:13,-03:00,2025-04-03T11:27:13-03:00,0,0
static\global.js,27,js,9f9bbab0,mariana,2025-04-03,11:27:13,-03:00,2025-04-03T11:27:13-03:00,0,42
static\global.js,28,js,9f9bbab0,mariana,2025-04-03,11:27:13,-03:00,2025-04-03T11:27:13-03:00,0,29
static\global.js,29,js,9f9bbab0,mariana,2025-04-03,11:27:13,-03:00,2025-04-03T11:27:13-03:00,0,0
static\global.js,30,js,9f9bbab0,mariana,2025-04-03,11:27:13,-03:00,2025-04-03T11:27:13-03:00,0,24
static\global.js,31,js,9f9bbab0,mariana,2025-04-03,11:27:13,-03:00,2025-04-03T11:27:13-03:00,0,19
static\global.js,32,js,9f9bbab0,mariana,2025-04-03,11:27:13,-03:00,2025-04-03T11:27:13-03:00,0,23
static\global.js,33,js,9f9bbab0,mariana,2025-04-03,11:27:13,-03:00,2025-04-03T11:27:13-03:00,0,0
static\global.js,34,js,9f9bbab0,mariana,2025-04-03,11:27:13,-03:00,2025-04-03T11:27:13-03:00,0,52
static\global.js,35,js,9f9bbab0,mariana,2025-04-03,11:27:13,-03:00,2025-04-03T11:27:13-03:00,0,25
static\global.js,36,js,9f9bbab0,mariana,2025-04-03,11:27:13,-03:00,2025-04-03T11:27:13-03:00,0,7
static\global.js,37,js,9f9bbab0,mariana,2025-04-03,11:27:13,-03:00,2025-04-03T11:27:13-03:00,1,0
static\global.js,38,js,9f9bbab0,mariana,2025-04-03,11:27:13,-03:00,2025-04-03T11:27:13-03:00,0,39
static\global.js,39,js,9f9bbab0,mariana,2025-04-03,11:27:13,-03:00,2025-04-03T11:27:13-03:00,0,16
static\global.js,40,js,9f9bbab0,mariana,2025-04-03,11:27:13,-03:00,2025-04-03T11:27:13-03:00,0,25
static\global.js,41,js,9f9bbab0,mariana,2025-04-03,11:27:13,-03:00,2025-04-03T11:27:13-03:00,0,0
static\global.js,42,js,9f9bbab0,mariana,2025-04-03,11:27:13,-03:00,2025-04-03T11:27:13-03:00,0,70
static\global.js,43,js,9f9bbab0,mariana,2025-04-03,11:27:13,-03:00,2025-04-03T11:27:13-03:00,0,31
static\global.js,44,js,9f9bbab0,mariana,2025-04-03,11:27:13,-03:00,2025-04-03T11:27:13-03:00,0,4
static\global.js,45,js,9f9bbab0,mariana,2025-04-03,11:27:13,-03:00,2025-04-03T11:27:13-03:00,0,0
static\global.js,46,js,9f9bbab0,mariana,2025-04-03,11:27:13,-03:00,2025-04-03T11:27:13-03:00,0,33
static\global.js,47,js,9f9bbab0,mariana,2025-04-03,11:27:13,-03:00,2025-04-03T11:27:13-03:00,0,24
static\global.js,48,js,9f9bbab0,mariana,2025-04-03,11:27:13,-03:00,2025-04-03T11:27:13-03:00,0,4
static\global.js,49,js,9f9bbab0,mariana,2025-04-03,11:27:13,-03:00,2025-04-03T11:27:13-03:00,0,0
static\global.js,50,js,9f9bbab0,mariana,2025-04-03,11:27:13,-03:00,2025-04-03T11:27:13-03:00,0,17
static\global.js,51,js,9f9bbab0,mariana,2025-04-03,11:27:13,-03:00,2025-04-03T11:27:13-03:00,0,3
static\global.js,52,js,9f9bbab0,mariana,2025-04-03,11:27:13,-03:00,2025-04-03T11:27:13-03:00,0,0
static\global.js,53,js,9f9bbab0,mariana,2025-04-03,11:27:13,-03:00,2025-04-03T11:27:13-03:00,0,0
static\global.js,54,js,9f9bbab0,mariana,2025-04-03,11:27:13,-03:00,2025-04-03T11:27:13-03:00,0,50
static\global.js,55,js,9f9bbab0,mariana,2025-04-03,11:27:13,-03:00,2025-04-03T11:27:13-03:00,0,34
static\global.js,56,js,9f9bbab0,mariana,2025-04-03,11:27:13,-03:00,2025-04-03T11:27:13-03:00,0,16
static\global.js,57,js,9f9bbab0,mariana,2025-04-03,11:27:13,-03:00,2025-04-03T11:27:13-03:00,0,18
static\global.js,58,js,9f9bbab0,mariana,2025-04-03,11:27:13,-03:00,2025-04-03T11:27:13-03:00,0,61
static\global.js,59,js,9f9bbab0,mariana,2025-04-03,11:27:13,-03:00,2025-04-03T11:27:13-03:00,0,43
static\global.js,60,js,9f9bbab0,mariana,2025-04-03,11:27:13,-03:00,2025-04-03T11:27:13-03:00,0,41
static\global.js,61,js,9f9bbab0,mariana,2025-04-03,11:27:13,-03:00,2025-04-03T11:27:13-03:00,0,19
static\global.js,62,js,9f9bbab0,mariana,2025-04-03,11:27:13,-03:00,2025-04-03T11:27:13-03:00,0,15
static\global.js,63,js,9f9bbab0,mariana,2025-04-03,11:27:13,-03:00,2025-04-03T11:27:13-03:00,0,4
static\global.js,64,js,9f9bbab0,mariana,2025-04-03,11:27:13,-03:00,2025-04-03T11:27:13-03:00,0,0
static\global.js,65,js,9f9bbab0,mariana,2025-04-03,11:27:13,-03:00,2025-04-03T11:27:13-03:00,0,48
static\global.js,66,js,9f9bbab0,mariana,2025-04-03,11:27:13,-03:00,2025-04-03T11:27:13-03:00,0,0
static\global.js,67,js,9f9bbab0,mariana,2025-04-03,11:27:13,-03:00,2025-04-03T11:27:13-03:00,0,0
static\global.js,68,js,9f9bbab0,mariana,2025-04-03,11:27:13,-03:00,2025-04-03T11:27:13-03:00,0,53
static\global.js,69,js,9f9bbab0,mariana,2025-04-03,11:27:13,-03:00,2025-04-03T11:27:13-03:00,0,85
static\global.js,70,js,9f9bbab0,mariana,2025-04-03,11:27:13,-03:00,2025-04-03T11:27:13-03:00,1,0
static\global.js,71,js,9f9bbab0,mariana,2025-04-03,11:27:13,-03:00,2025-04-03T11:27:13-03:00,0,49
static\global.js,72,js,9f9bbab0,mariana,2025-04-03,11:27:13,-03:00,2025-04-03T11:27:13-03:00,0,5
static\global.js,73,js,9f9bbab0,mariana,2025-04-03,11:27:13,-03:00,2025-04-03T11:27:13-03:00,0,0
static\global.js,74,js,9f9bbab0,mariana,2025-04-03,11:27:13,-03:00,2025-04-03T11:27:13-03:00,0,0
static\global.js,75,js,9f9bbab0,mariana,2025-04-03,11:27:13,-03:00,2025-04-03T11:27:13-03:00,0,33
static\global.js,76,js,9f9bbab0,mariana,2025-04-03,11:27:13,-03:00,2025-04-03T11:27:13-03:00,0,91
static\global.js,77,js,9f9bbab0,mariana,2025-04-03,11:27:13,-03:00,2025-04-03T11:27:13-03:00,0,46
static\global.js,78,js,9f9bbab0,mariana,2025-04-03,11:27:13,-03:00,2025-04-03T11:27:13-03:00,0,3
src\app.html,1,html,4ece5fd,mariana,2025-03-27,09:52:18,-03:00,2025-03-27T09:52:18-03:00,0,14
src\app.html,2,html,4ece5fd,mariana,2025-03-27,09:52:18,-03:00,2025-03-27T09:52:18-03:00,0,15
src\app.html,3,html,4ece5fd,mariana,2025-03-27,09:52:18,-03:00,2025-03-27T09:52:18-03:00,1,5
src\app.html,4,html,4ece5fd,mariana,2025-03-27,09:52:18,-03:00,2025-03-27T09:52:18-03:00,2,23
src\app.html,5,html,4ece5fd,mariana,2025-03-27,09:52:18,-03:00,2025-03-27T09:52:18-03:00,2,56
src\app.html,6,html,4ece5fd,mariana,2025-03-27,09:52:18,-03:00,2025-03-27T09:52:18-03:00,2,52
src\app.html,7,html,4ece5fd,mariana,2025-03-27,09:52:18,-03:00,2025-03-27T09:52:18-03:00,2,15
src\app.html,8,html,9f9bbab0,mariana,2025-04-03,11:27:13,-03:00,2025-04-03T11:27:13-03:00,2,19
src\app.html,9,html,4ece5fd,mariana,2025-03-27,09:52:18,-03:00,2025-03-27T09:52:18-03:00,2,60
src\app.html,10,html,9f9bbab0,mariana,2025-04-03,11:27:13,-03:00,2025-04-03T11:27:13-03:00,2,65
src\app.html,11,html,4ece5fd,mariana,2025-03-27,09:52:18,-03:00,2025-03-27T09:52:18-03:00,1,6
src\app.html,12,html,4ece5fd,mariana,2025-03-27,09:52:18,-03:00,2025-03-27T09:52:18-03:00,1,41
src\app.html,13,html,4ece5fd,mariana,2025-03-27,09:52:18,-03:00,2025-03-27T09:52:18-03:00,2,52
src\app.html,14,html,4ece5fd,mariana,2025-03-27,09:52:18,-03:00,2025-03-27T09:52:18-03:00,1,6
src\app.html,15,html,4ece5fd,mariana,2025-03-27,09:52:18,-03:00,2025-03-27T09:52:18-03:00,0,6
src\routes\+page.svelte,1,svelte,ef3c1fc1,mariana,2025-03-27,10:18:31,-03:00,2025-03-27T10:18:31-03:00,0,7
src\routes\+page.svelte,2,js,ef3c1fc1,mariana,2025-03-27,10:18:31,-03:00,2025-03-27T10:18:31-03:00,0,41
src\routes\+page.svelte,3,js,ef3c1fc1,mariana,2025-03-27,10:18:31,-03:00,2025-03-27T10:18:31-03:00,0,41
src\routes\+page.svelte,4,js,24dc6c09,mariana,2025-03-27,12:37:18,-03:00,2025-03-27T12:37:18-03:00,0,0
src\routes\+page.svelte,5,js,9f9bbab0,mariana,2025-04-03,11:27:13,-03:00,2025-04-03T11:27:13-03:00,0,66
src\routes\+page.svelte,6,svelte,ef3c1fc1,mariana,2025-03-27,10:18:31,-03:00,2025-03-27T10:18:31-03:00,0,8
src\routes\+page.svelte,7,svelte,ef3c1fc1,mariana,2025-03-27,10:18:31,-03:00,2025-03-27T10:18:31-03:00,0,0
src\routes\+page.svelte,8,svelte,9f9bbab0,mariana,2025-04-03,11:27:13,-03:00,2025-04-03T11:27:13-03:00,0,12
src\routes\+page.svelte,9,svelte,9f9bbab0,mariana,2025-04-03,11:27:13,-03:00,2025-04-03T11:27:13-03:00,0,56
src\routes\+page.svelte,10,svelte,9f9bbab0,mariana,2025-04-03,11:27:13,-03:00,2025-04-03T11:27:13-03:00,0,13
src\routes\+page.svelte,11,svelte,9f9bbab0,mariana,2025-04-03,11:27:13,-03:00,2025-04-03T11:27:13-03:00,0,22
src\routes\+page.svelte,12,svelte,9f9bbab0,mariana,2025-04-03,11:27:13,-03:00,2025-04-03T11:27:13-03:00,0,0
src\routes\+page.svelte,13,svelte,9f9bbab0,mariana,2025-04-03,11:27:13,-03:00,2025-04-03T11:27:13-03:00,0,53
src\routes\+page.svelte,14,svelte,9f9bbab0,mariana,2025-04-03,11:27:13,-03:00,2025-04-03T11:27:13-03:00,0,0
src\routes\+page.svelte,15,svelte,9f9bbab0,mariana,2025-04-03,11:27:13,-03:00,2025-04-03T11:27:13-03:00,0,148
src\routes\+page.svelte,16,svelte,9f9bbab0,mariana,2025-04-03,11:27:13,-03:00,2025-04-03T11:27:13-03:00,0,185
src\routes\+page.svelte,17,svelte,9f9bbab0,mariana,2025-04-03,11:27:13,-03:00,2025-04-03T11:27:13-03:00,0,97
src\routes\+page.svelte,18,svelte,9f9bbab0,mariana,2025-04-03,11:27:13,-03:00,2025-04-03T11:27:13-03:00,0,162
src\routes\+page.svelte,19,svelte,9f9bbab0,mariana,2025-04-03,11:27:13,-03:00,2025-04-03T11:27:13-03:00,0,3
src\routes\+page.svelte,20,svelte,9f9bbab0,mariana,2025-04-03,11:27:13,-03:00,2025-04-03T11:27:13-03:00,0,53
src\routes\+page.svelte,21,svelte,9f9bbab0,mariana,2025-04-03,11:27:13,-03:00,2025-04-03T11:27:13-03:00,0,22
src\routes\+page.svelte,22,svelte,24dc6c09,mariana,2025-03-27,12:37:18,-03:00,2025-03-27T12:37:18-03:00,0,15
src\routes\+page.svelte,23,svelte,24dc6c09,mariana,2025-03-27,12:37:18,-03:00,2025-03-27T12:37:18-03:00,0,23
src\routes\+page.svelte,24,svelte,9f9bbab0,mariana,2025-04-03,11:27:13,-03:00,2025-04-03T11:27:13-03:00,0,23
src\routes\+page.svelte,25,svelte,24dc6c09,mariana,2025-03-27,12:37:18,-03:00,2025-03-27T12:37:18-03:00,0,11
src\routes\+page.svelte,26,svelte,24dc6c09,mariana,2025-03-27,12:37:18,-03:00,2025-03-27T12:37:18-03:00,0,8
src\routes\+page.svelte,27,svelte,24dc6c09,mariana,2025-03-27,12:37:18,-03:00,2025-03-27T12:37:18-03:00,0,23
src\routes\+page.svelte,28,svelte,24dc6c09,mariana,2025-03-27,12:37:18,-03:00,2025-03-27T12:37:18-03:00,0,3
src\routes\+page.svelte,29,svelte,24dc6c09,mariana,2025-03-27,12:37:18,-03:00,2025-03-27T12:37:18-03:00,0,17
src\routes\+page.svelte,30,svelte,24dc6c09,mariana,2025-03-27,12:37:18,-03:00,2025-03-27T12:37:18-03:00,0,24
src\routes\+page.svelte,31,svelte,24dc6c09,mariana,2025-03-27,12:37:18,-03:00,2025-03-27T12:37:18-03:00,0,17
src\routes\+page.svelte,32,svelte,24dc6c09,mariana,2025-03-27,12:37:18,-03:00,2025-03-27T12:37:18-03:00,0,24
src\routes\+page.svelte,33,svelte,24dc6c09,mariana,2025-03-27,12:37:18,-03:00,2025-03-27T12:37:18-03:00,0,20
src\routes\+page.svelte,34,svelte,24dc6c09,mariana,2025-03-27,12:37:18,-03:00,2025-03-27T12:37:18-03:00,0,27
src\routes\+page.svelte,35,svelte,24dc6c09,mariana,2025-03-27,12:37:18,-03:00,2025-03-27T12:37:18-03:00,0,4
src\routes\+page.svelte,36,svelte,24dc6c09,mariana,2025-03-27,12:37:18,-03:00,2025-03-27T12:37:18-03:00,0,9
src\routes\+page.svelte,37,svelte,24dc6c09,mariana,2025-03-27,12:37:18,-03:00,2025-03-27T12:37:18-03:00,0,13
src\routes\+page.svelte,38,svelte,9f9bbab0,mariana,2025-04-03,11:27:13,-03:00,2025-04-03T11:27:13-03:00,0,63
src\routes\+page.svelte,39,svelte,24dc6c09,mariana,2025-03-27,12:37:18,-03:00,2025-03-27T12:37:18-03:00,0,7
src\routes\+page.svelte,40,svelte,24dc6c09,mariana,2025-03-27,12:37:18,-03:00,2025-03-27T12:37:18-03:00,0,13
src\routes\+page.svelte,41,svelte,9f9bbab0,mariana,2025-04-03,11:27:13,-03:00,2025-04-03T11:27:13-03:00,0,63
src\routes\+page.svelte,42,svelte,24dc6c09,mariana,2025-03-27,12:37:18,-03:00,2025-03-27T12:37:18-03:00,0,7
src\routes\+page.svelte,43,svelte,24dc6c09,mariana,2025-03-27,12:37:18,-03:00,2025-03-27T12:37:18-03:00,0,0
src\routes\+page.svelte,44,svelte,9f9bbab0,mariana,2025-04-03,11:27:13,-03:00,2025-04-03T11:27:13-03:00,0,3
src\routes\+page.svelte,45,svelte,9f9bbab0,mariana,2025-04-03,11:27:13,-03:00,2025-04-03T11:27:13-03:00,0,14
src\routes\+page.svelte,46,svelte,9f9bbab0,mariana,2025-04-03,11:27:13,-03:00,2025-04-03T11:27:13-03:00,0,4
src\routes\+page.svelte,47,svelte,9f9bbab0,mariana,2025-04-03,11:27:13,-03:00,2025-04-03T11:27:13-03:00,0,21
src\routes\+page.svelte,48,svelte,9f9bbab0,mariana,2025-04-03,11:27:13,-03:00,2025-04-03T11:27:13-03:00,0,32
src\routes\+page.svelte,49,svelte,9f9bbab0,mariana,2025-04-03,11:27:13,-03:00,2025-04-03T11:27:13-03:00,0,29
src\routes\+page.svelte,50,svelte,9f9bbab0,mariana,2025-04-03,11:27:13,-03:00,2025-04-03T11:27:13-03:00,0,6
src\routes\+page.svelte,51,svelte,9f9bbab0,mariana,2025-04-03,11:27:13,-03:00,2025-04-03T11:27:13-03:00,0,5
src\routes\+page.svelte,52,svelte,24dc6c09,mariana,2025-03-27,12:37:18,-03:00,2025-03-27T12:37:18-03:00,0,0
src\routes\+page.svelte,53,svelte,9f9bbab0,mariana,2025-04-03,11:27:13,-03:00,2025-04-03T11:27:13-03:00,0,6
src\routes\+page.svelte,54,css,9f9bbab0,mariana,2025-04-03,11:27:13,-03:00,2025-04-03T11:27:13-03:00,0,2
src\routes\+page.svelte,55,css,9f9bbab0,mariana,2025-04-03,11:27:13,-03:00,2025-04-03T11:27:13-03:00,0,13
src\routes\+page.svelte,56,css,9f9bbab0,mariana,2025-04-03,11:27:13,-03:00,2025-04-03T11:27:13-03:00,0,27
src\routes\+page.svelte,57,css,9f9bbab0,mariana,2025-04-03,11:27:13,-03:00,2025-04-03T11:27:13-03:00,0,0
src\routes\+page.svelte,58,css,9f9bbab0,mariana,2025-04-03,11:27:13,-03:00,2025-04-03T11:27:13-03:00,0,2
src\routes\+page.svelte,59,css,9f9bbab0,mariana,2025-04-03,11:27:13,-03:00,2025-04-03T11:27:13-03:00,0,11
src\routes\+page.svelte,60,css,9f9bbab0,mariana,2025-04-03,11:27:13,-03:00,2025-04-03T11:27:13-03:00,0,20
src\routes\+page.svelte,61,css,9f9bbab0,mariana,2025-04-03,11:27:13,-03:00,2025-04-03T11:27:13-03:00,0,17
src\routes\+page.svelte,62,css,9f9bbab0,mariana,2025-04-03,11:27:13,-03:00,2025-04-03T11:27:13-03:00,0,25
src\routes\+page.svelte,63,css,9f9bbab0,mariana,2025-04-03,11:27:13,-03:00,2025-04-03T11:27:13-03:00,0,25
src\routes\+page.svelte,64,css,9f9bbab0,mariana,2025-04-03,11:27:13,-03:00,2025-04-03T11:27:13-03:00,0,0
src\routes\+page.svelte,65,css,9f9bbab0,mariana,2025-04-03,11:27:13,-03:00,2025-04-03T11:27:13-03:00,0,2
src\routes\+page.svelte,66,css,9f9bbab0,mariana,2025-04-03,11:27:13,-03:00,2025-04-03T11:27:13-03:00,0,20
src\routes\+page.svelte,67,css,9f9bbab0,mariana,2025-04-03,11:27:13,-03:00,2025-04-03T11:27:13-03:00,0,17
src\routes\+page.svelte,68,css,9f9bbab0,mariana,2025-04-03,11:27:13,-03:00,2025-04-03T11:27:13-03:00,0,0
src\routes\+page.svelte,69,css,9f9bbab0,mariana,2025-04-03,11:27:13,-03:00,2025-04-03T11:27:13-03:00,0,7
src\routes\+page.svelte,70,css,9f9bbab0,mariana,2025-04-03,11:27:13,-03:00,2025-04-03T11:27:13-03:00,0,19
src\routes\+page.svelte,71,css,9f9bbab0,mariana,2025-04-03,11:27:13,-03:00,2025-04-03T11:27:13-03:00,0,18
src\routes\+page.svelte,72,css,9f9bbab0,mariana,2025-04-03,11:27:13,-03:00,2025-04-03T11:27:13-03:00,1,31
src\routes\+page.svelte,73,css,9f9bbab0,mariana,2025-04-03,11:27:13,-03:00,2025-04-03T11:27:13-03:00,0,17
src\routes\+page.svelte,74,css,9f9bbab0,mariana,2025-04-03,11:27:13,-03:00,2025-04-03T11:27:13-03:00,0,18
src\routes\+page.svelte,75,css,9f9bbab0,mariana,2025-04-03,11:27:13,-03:00,2025-04-03T11:27:13-03:00,0,0
src\routes\+page.svelte,76,svelte,9f9bbab0,mariana,2025-04-03,11:27:13,-03:00,2025-04-03T11:27:13-03:00,0,7
src\routes\+layout.svelte,1,svelte,24dc6c09,mariana,2025-03-27,12:37:18,-03:00,2025-03-27T12:37:18-03:00,0,7
src\routes\+layout.svelte,2,js,9f9bbab0,mariana,2025-04-03,11:27:13,-03:00,2025-04-03T11:27:13-03:00,0,34
src\routes\+layout.svelte,3,js,9f9bbab0,mariana,2025-04-03,11:27:13,-03:00,2025-04-03T11:27:13-03:00,0,33
src\routes\+layout.svelte,4,js,24dc6c09,mariana,2025-03-27,12:37:18,-03:00,2025-03-27T12:37:18-03:00,0,0
src\routes\+layout.svelte,5,js,24dc6c09,mariana,2025-03-27,12:37:18,-03:00,2025-03-27T12:37:18-03:00,0,12
src\routes\+layout.svelte,6,js,9f9bbab0,mariana,2025-04-03,11:27:13,-03:00,2025-04-03T11:27:13-03:00,0,27
src\routes\+layout.svelte,7,js,9f9bbab0,mariana,2025-04-03,11:27:13,-03:00,2025-04-03T11:27:13-03:00,0,39
src\routes\+layout.svelte,8,js,9f9bbab0,mariana,2025-04-03,11:27:13,-03:00,2025-04-03T11:27:13-03:00,0,37
src\routes\+layout.svelte,9,js,9f9bbab0,mariana,2025-04-03,11:27:13,-03:00,2025-04-03T11:27:13-03:00,0,35
src\routes\+layout.svelte,10,js,00000000,Not Committed Yet,2025-04-08,11:23:54,-03:00,2025-04-08T11:23:54-03:00,0,31
src\routes\+layout.svelte,11,js,9f9bbab0,mariana,2025-04-03,11:27:13,-03:00,2025-04-03T11:27:13-03:00,0,56
src\routes\+layout.svelte,12,js,9f9bbab0,mariana,2025-04-03,11:27:13,-03:00,2025-04-03T11:27:13-03:00,0,1
src\routes\+layout.svelte,13,js,24dc6c09,mariana,2025-03-27,12:37:18,-03:00,2025-03-27T12:37:18-03:00,0,0
src\routes\+layout.svelte,14,js,9f9bbab0,mariana,2025-04-03,11:27:13,-03:00,2025-04-03T11:27:13-03:00,0,48
src\routes\+layout.svelte,15,js,9f9bbab0,mariana,2025-04-03,11:27:13,-03:00,2025-04-03T11:27:13-03:00,0,58
src\routes\+layout.svelte,16,js,9f9bbab0,mariana,2025-04-03,11:27:13,-03:00,2025-04-03T11:27:13-03:00,0,48
src\routes\+layout.svelte,17,js,24dc6c09,mariana,2025-03-27,12:37:18,-03:00,2025-03-27T12:37:18-03:00,0,0
src\routes\+layout.svelte,18,js,9f9bbab0,mariana,2025-04-03,11:27:13,-03:00,2025-04-03T11:27:13-03:00,0,55
src\routes\+layout.svelte,19,js,24dc6c09,mariana,2025-03-27,12:37:18,-03:00,2025-03-27T12:37:18-03:00,0,0
src\routes\+layout.svelte,20,js,9f9bbab0,mariana,2025-04-03,11:27:13,-03:00,2025-04-03T11:27:13-03:00,0,41
src\routes\+layout.svelte,21,svelte,24dc6c09,mariana,2025-03-27,12:37:18,-03:00,2025-03-27T12:37:18-03:00,0,8
src\routes\+layout.svelte,22,svelte,24dc6c09,mariana,2025-03-27,12:37:18,-03:00,2025-03-27T12:37:18-03:00,0,0
src\routes\+layout.svelte,23,svelte,24dc6c09,mariana,2025-03-27,12:37:18,-03:00,2025-03-27T12:37:18-03:00,0,4
src\routes\+layout.svelte,24,svelte,24dc6c09,mariana,2025-03-27,12:37:18,-03:00,2025-03-27T12:37:18-03:00,0,17
src\routes\+layout.svelte,25,svelte,9f9bbab0,mariana,2025-04-03,11:27:13,-03:00,2025-04-03T11:27:13-03:00,0,1
src\routes\+layout.svelte,26,svelte,9f9bbab0,mariana,2025-04-03,11:27:13,-03:00,2025-04-03T11:27:13-03:00,0,29
src\routes\+layout.svelte,27,svelte,9f9bbab0,mariana,2025-04-03,11:27:13,-03:00,2025-04-03T11:27:13-03:00,0,26
src\routes\+layout.svelte,28,svelte,9f9bbab0,mariana,2025-04-03,11:27:13,-03:00,2025-04-03T11:27:13-03:00,0,39
src\routes\+layout.svelte,29,svelte,9f9bbab0,mariana,2025-04-03,11:27:13,-03:00,2025-04-03T11:27:13-03:00,0,55
src\routes\+layout.svelte,30,svelte,9f9bbab0,mariana,2025-04-03,11:27:13,-03:00,2025-04-03T11:27:13-03:00,0,0
src\routes\+layout.svelte,31,svelte,9f9bbab0,mariana,2025-04-03,11:27:13,-03:00,2025-04-03T11:27:13-03:00,0,8
src\routes\+layout.svelte,32,svelte,9f9bbab0,mariana,2025-04-03,11:27:13,-03:00,2025-04-03T11:27:13-03:00,0,3
src\routes\+layout.svelte,33,svelte,9f9bbab0,mariana,2025-04-03,11:27:13,-03:00,2025-04-03T11:27:13-03:00,0,6
src\routes\+layout.svelte,34,svelte,9f9bbab0,mariana,2025-04-03,11:27:13,-03:00,2025-04-03T11:27:13-03:00,0,5
src\routes\+layout.svelte,35,svelte,24dc6c09,mariana,2025-03-27,12:37:18,-03:00,2025-03-27T12:37:18-03:00,0,0
src\routes\+layout.svelte,36,svelte,24dc6c09,mariana,2025-03-27,12:37:18,-03:00,2025-03-27T12:37:18-03:00,0,27
src\routes\+layout.svelte,37,svelte,24dc6c09,mariana,2025-03-27,12:37:18,-03:00,2025-03-27T12:37:18-03:00,0,5
src\routes\+layout.svelte,38,svelte,9f9bbab0,mariana,2025-04-03,11:27:13,-03:00,2025-04-03T11:27:13-03:00,0,0
src\routes\+layout.svelte,39,svelte,24dc6c09,mariana,2025-03-27,12:37:18,-03:00,2025-03-27T12:37:18-03:00,0,34
src\routes\+layout.svelte,40,svelte,24dc6c09,mariana,2025-03-27,12:37:18,-03:00,2025-03-27T12:37:18-03:00,0,46
src\routes\+layout.svelte,41,svelte,24dc6c09,mariana,2025-03-27,12:37:18,-03:00,2025-03-27T12:37:18-03:00,0,37
src\routes\+layout.svelte,42,svelte,24dc6c09,mariana,2025-03-27,12:37:18,-03:00,2025-03-27T12:37:18-03:00,0,35
src\routes\+layout.svelte,43,svelte,24dc6c09,mariana,2025-03-27,12:37:18,-03:00,2025-03-27T12:37:18-03:00,0,8
src\routes\+layout.svelte,44,svelte,24dc6c09,mariana,2025-03-27,12:37:18,-03:00,2025-03-27T12:37:18-03:00,0,7
src\routes\+layout.svelte,45,svelte,24dc6c09,mariana,2025-03-27,12:37:18,-03:00,2025-03-27T12:37:18-03:00,0,0
src\routes\+layout.svelte,46,svelte,9f9bbab0,mariana,2025-04-03,11:27:13,-03:00,2025-04-03T11:27:13-03:00,0,7
src\routes\+layout.svelte,47,svelte,9f9bbab0,mariana,2025-04-03,11:27:13,-03:00,2025-04-03T11:27:13-03:00,0,0
src\routes\+layout.svelte,48,svelte,9f9bbab0,mariana,2025-04-03,11:27:13,-03:00,2025-04-03T11:27:13-03:00,0,6
src\routes\+layout.svelte,49,css,9f9bbab0,mariana,2025-04-03,11:27:13,-03:00,2025-04-03T11:27:13-03:00,0,4
src\routes\+layout.svelte,50,css,9f9bbab0,mariana,2025-04-03,11:27:13,-03:00,2025-04-03T11:27:13-03:00,0,40
src\routes\+layout.svelte,51,css,9f9bbab0,mariana,2025-04-03,11:27:13,-03:00,2025-04-03T11:27:13-03:00,0,0
src\routes\+layout.svelte,52,css,9f9bbab0,mariana,2025-04-03,11:27:13,-03:00,2025-04-03T11:27:13-03:00,0,13
src\routes\+layout.svelte,53,css,9f9bbab0,mariana,2025-04-03,11:27:13,-03:00,2025-04-03T11:27:13-03:00,0,18
src\routes\+layout.svelte,54,css,9f9bbab0,mariana,2025-04-03,11:27:13,-03:00,2025-04-03T11:27:13-03:00,0,23
src\routes\+layout.svelte,55,css,9f9bbab0,mariana,2025-04-03,11:27:13,-03:00,2025-04-03T11:27:13-03:00,0,25
src\routes\+layout.svelte,56,css,9f9bbab0,mariana,2025-04-03,11:27:13,-03:00,2025-04-03T11:27:13-03:00,0,0
src\routes\+layout.svelte,57,css,9f9bbab0,mariana,2025-04-03,11:27:13,-03:00,2025-04-03T11:27:13-03:00,0,40
src\routes\+layout.svelte,58,css,9f9bbab0,mariana,2025-04-03,11:27:13,-03:00,2025-04-03T11:27:13-03:00,0,0
src\routes\+layout.svelte,59,css,9f9bbab0,mariana,2025-04-03,11:27:13,-03:00,2025-04-03T11:27:13-03:00,0,0
src\routes\+layout.svelte,60,css,9f9bbab0,mariana,2025-04-03,11:27:13,-03:00,2025-04-03T11:27:13-03:00,0,6
src\routes\+layout.svelte,61,css,9f9bbab0,mariana,2025-04-03,11:27:13,-03:00,2025-04-03T11:27:13-03:00,0,6
src\routes\+layout.svelte,62,css,9f9bbab0,mariana,2025-04-03,11:27:13,-03:00,2025-04-03T11:27:13-03:00,0,21
src\routes\+layout.svelte,63,css,9f9bbab0,mariana,2025-04-03,11:27:13,-03:00,2025-04-03T11:27:13-03:00,0,14
src\routes\+layout.svelte,64,css,9f9bbab0,mariana,2025-04-03,11:27:13,-03:00,2025-04-03T11:27:13-03:00,0,18
src\routes\+layout.svelte,65,css,9f9bbab0,mariana,2025-04-03,11:27:13,-03:00,2025-04-03T11:27:13-03:00,0,14
src\routes\+layout.svelte,66,css,9f9bbab0,mariana,2025-04-03,11:27:13,-03:00,2025-04-03T11:27:13-03:00,0,0
src\routes\+layout.svelte,67,css,9f9bbab0,mariana,2025-04-03,11:27:13,-03:00,2025-04-03T11:27:13-03:00,0,0
src\routes\+layout.svelte,68,css,9f9bbab0,mariana,2025-04-03,11:27:13,-03:00,2025-04-03T11:27:13-03:00,0,14
src\routes\+layout.svelte,69,css,9f9bbab0,mariana,2025-04-03,11:27:13,-03:00,2025-04-03T11:27:13-03:00,0,25
src\routes\+layout.svelte,70,css,9f9bbab0,mariana,2025-04-03,11:27:13,-03:00,2025-04-03T11:27:13-03:00,0,25
src\routes\+layout.svelte,71,css,9f9bbab0,mariana,2025-04-03,11:27:13,-03:00,2025-04-03T11:27:13-03:00,0,40
src\routes\+layout.svelte,72,css,9f9bbab0,mariana,2025-04-03,11:27:13,-03:00,2025-04-03T11:27:13-03:00,0,20
src\routes\+layout.svelte,73,css,9f9bbab0,mariana,2025-04-03,11:27:13,-03:00,2025-04-03T11:27:13-03:00,0,17
src\routes\+layout.svelte,74,css,9f9bbab0,mariana,2025-04-03,11:27:13,-03:00,2025-04-03T11:27:13-03:00,0,0
src\routes\+layout.svelte,75,css,9f9bbab0,mariana,2025-04-03,11:27:13,-03:00,2025-04-03T11:27:13-03:00,0,0
src\routes\+layout.svelte,76,css,9f9bbab0,mariana,2025-04-03,11:27:13,-03:00,2025-04-03T11:27:13-03:00,0,12
src\routes\+layout.svelte,77,css,9f9bbab0,mariana,2025-04-03,11:27:13,-03:00,2025-04-03T11:27:13-03:00,0,25
src\routes\+layout.svelte,78,css,9f9bbab0,mariana,2025-04-03,11:27:13,-03:00,2025-04-03T11:27:13-03:00,0,25
src\routes\+layout.svelte,79,css,9f9bbab0,mariana,2025-04-03,11:27:13,-03:00,2025-04-03T11:27:13-03:00,0,39
src\routes\+layout.svelte,80,css,9f9bbab0,mariana,2025-04-03,11:27:13,-03:00,2025-04-03T11:27:13-03:00,0,20
src\routes\+layout.svelte,81,css,9f9bbab0,mariana,2025-04-03,11:27:13,-03:00,2025-04-03T11:27:13-03:00,0,70
src\routes\+layout.svelte,82,css,9f9bbab0,mariana,2025-04-03,11:27:13,-03:00,2025-04-03T11:27:13-03:00,0,0
src\routes\+layout.svelte,83,css,9f9bbab0,mariana,2025-04-03,11:27:13,-03:00,2025-04-03T11:27:13-03:00,0,0
src\routes\+layout.svelte,84,css,9f9bbab0,mariana,2025-04-03,11:27:13,-03:00,2025-04-03T11:27:13-03:00,0,13
src\routes\+layout.svelte,85,css,9f9bbab0,mariana,2025-04-03,11:27:13,-03:00,2025-04-03T11:27:13-03:00,0,17
src\routes\+layout.svelte,86,css,9f9bbab0,mariana,2025-04-03,11:27:13,-03:00,2025-04-03T11:27:13-03:00,0,9
src\routes\+layout.svelte,87,css,9f9bbab0,mariana,2025-04-03,11:27:13,-03:00,2025-04-03T11:27:13-03:00,0,11
src\routes\+layout.svelte,88,css,9f9bbab0,mariana,2025-04-03,11:27:13,-03:00,2025-04-03T11:27:13-03:00,0,20
src\routes\+layout.svelte,89,css,9f9bbab0,mariana,2025-04-03,11:27:13,-03:00,2025-04-03T11:27:13-03:00,0,8
src\routes\+layout.svelte,90,css,9f9bbab0,mariana,2025-04-03,11:27:13,-03:00,2025-04-03T11:27:13-03:00,0,0
src\routes\+layout.svelte,91,svelte,9f9bbab0,mariana,2025-04-03,11:27:13,-03:00,2025-04-03T11:27:13-03:00,0,7
src\routes\resume\+page.svelte,1,svelte,9f9bbab0,mariana,2025-04-03,11:27:13,-03:00,2025-04-03T11:27:13-03:00,0,0
src\routes\resume\+page.svelte,2,svelte,4ece5fd,mariana,2025-03-27,09:52:18,-03:00,2025-03-27T09:52:18-03:00,0,12
src\routes\resume\+page.svelte,3,svelte,9f9bbab0,mariana,2025-04-03,11:27:13,-03:00,2025-04-03T11:27:13-03:00,0,16
src\routes\resume\+page.svelte,4,svelte,4ece5fd,mariana,2025-03-27,09:52:18,-03:00,2025-03-27T09:52:18-03:00,0,13
src\routes\resume\+page.svelte,5,svelte,9f9bbab0,mariana,2025-04-03,11:27:13,-03:00,2025-04-03T11:27:13-03:00,0,14
src\routes\resume\+page.svelte,6,svelte,9f9bbab0,mariana,2025-04-03,11:27:13,-03:00,2025-04-03T11:27:13-03:00,0,5
src\routes\resume\+page.svelte,7,svelte,9f9bbab0,mariana,2025-04-03,11:27:13,-03:00,2025-04-03T11:27:13-03:00,0,19
src\routes\resume\+page.svelte,8,svelte,4ece5fd,mariana,2025-03-27,09:52:18,-03:00,2025-03-27T09:52:18-03:00,0,8
src\routes\resume\+page.svelte,9,svelte,9f9bbab0,mariana,2025-04-03,11:27:13,-03:00,2025-04-03T11:27:13-03:00,0,25
src\routes\resume\+page.svelte,10,svelte,9f9bbab0,mariana,2025-04-03,11:27:13,-03:00,2025-04-03T11:27:13-03:00,0,3
src\routes\resume\+page.svelte,11,svelte,9f9bbab0,mariana,2025-04-03,11:27:13,-03:00,2025-04-03T11:27:13-03:00,0,27
src\routes\resume\+page.svelte,12,svelte,9f9bbab0,mariana,2025-04-03,11:27:13,-03:00,2025-04-03T11:27:13-03:00,0,14
src\routes\resume\+page.svelte,13,svelte,9f9bbab0,mariana,2025-04-03,11:27:13,-03:00,2025-04-03T11:27:13-03:00,0,40
src\routes\resume\+page.svelte,14,svelte,9f9bbab0,mariana,2025-04-03,11:27:13,-03:00,2025-04-03T11:27:13-03:00,0,19
src\routes\resume\+page.svelte,15,svelte,9f9bbab0,mariana,2025-04-03,11:27:13,-03:00,2025-04-03T11:27:13-03:00,0,4
src\routes\resume\+page.svelte,16,svelte,9f9bbab0,mariana,2025-04-03,11:27:13,-03:00,2025-04-03T11:27:13-03:00,0,9
src\routes\resume\+page.svelte,17,svelte,4ece5fd,mariana,2025-03-27,09:52:18,-03:00,2025-03-27T09:52:18-03:00,0,8
src\routes\resume\+page.svelte,18,svelte,9f9bbab0,mariana,2025-04-03,11:27:13,-03:00,2025-04-03T11:27:13-03:00,0,25
src\routes\resume\+page.svelte,19,svelte,9f9bbab0,mariana,2025-04-03,11:27:13,-03:00,2025-04-03T11:27:13-03:00,0,3
src\routes\resume\+page.svelte,20,svelte,9f9bbab0,mariana,2025-04-03,11:27:13,-03:00,2025-04-03T11:27:13-03:00,0,44
src\routes\resume\+page.svelte,21,svelte,9f9bbab0,mariana,2025-04-03,11:27:13,-03:00,2025-04-03T11:27:13-03:00,0,19
src\routes\resume\+page.svelte,22,svelte,9f9bbab0,mariana,2025-04-03,11:27:13,-03:00,2025-04-03T11:27:13-03:00,0,4
src\routes\resume\+page.svelte,23,svelte,9f9bbab0,mariana,2025-04-03,11:27:13,-03:00,2025-04-03T11:27:13-03:00,0,9
src\routes\resume\+page.svelte,24,svelte,9f9bbab0,mariana,2025-04-03,11:27:13,-03:00,2025-04-03T11:27:13-03:00,0,8
src\routes\resume\+page.svelte,25,svelte,9f9bbab0,mariana,2025-04-03,11:27:13,-03:00,2025-04-03T11:27:13-03:00,0,26
src\routes\resume\+page.svelte,26,svelte,9f9bbab0,mariana,2025-04-03,11:27:13,-03:00,2025-04-03T11:27:13-03:00,0,3
src\routes\resume\+page.svelte,27,svelte,9f9bbab0,mariana,2025-04-03,11:27:13,-03:00,2025-04-03T11:27:13-03:00,0,21
src\routes\resume\+page.svelte,28,svelte,4ece5fd,mariana,2025-03-27,09:52:18,-03:00,2025-03-27T09:52:18-03:00,0,3
src\routes\resume\+page.svelte,29,svelte,9f9bbab0,mariana,2025-04-03,11:27:13,-03:00,2025-04-03T11:27:13-03:00,0,26
src\routes\resume\+page.svelte,30,svelte,9f9bbab0,mariana,2025-04-03,11:27:13,-03:00,2025-04-03T11:27:13-03:00,0,24
src\routes\resume\+page.svelte,31,svelte,9f9bbab0,mariana,2025-04-03,11:27:13,-03:00,2025-04-03T11:27:13-03:00,0,32
src\routes\resume\+page.svelte,32,svelte,9f9bbab0,mariana,2025-04-03,11:27:13,-03:00,2025-04-03T11:27:13-03:00,0,16
src\routes\resume\+page.svelte,33,svelte,9f9bbab0,mariana,2025-04-03,11:27:13,-03:00,2025-04-03T11:27:13-03:00,0,4
src\routes\resume\+page.svelte,34,svelte,9f9bbab0,mariana,2025-04-03,11:27:13,-03:00,2025-04-03T11:27:13-03:00,0,4
src\routes\resume\+page.svelte,35,svelte,9f9bbab0,mariana,2025-04-03,11:27:13,-03:00,2025-04-03T11:27:13-03:00,0,9
src\routes\resume\+page.svelte,36,svelte,9f9bbab0,mariana,2025-04-03,11:27:13,-03:00,2025-04-03T11:27:13-03:00,0,8
src\routes\resume\+page.svelte,37,svelte,9f9bbab0,mariana,2025-04-03,11:27:13,-03:00,2025-04-03T11:27:13-03:00,0,32
src\routes\resume\+page.svelte,38,svelte,9f9bbab0,mariana,2025-04-03,11:27:13,-03:00,2025-04-03T11:27:13-03:00,0,3
src\routes\resume\+page.svelte,39,svelte,9f9bbab0,mariana,2025-04-03,11:27:13,-03:00,2025-04-03T11:27:13-03:00,0,101
src\routes\resume\+page.svelte,40,svelte,9f9bbab0,mariana,2025-04-03,11:27:13,-03:00,2025-04-03T11:27:13-03:00,0,75
src\routes\resume\+page.svelte,41,svelte,9f9bbab0,mariana,2025-04-03,11:27:13,-03:00,2025-04-03T11:27:13-03:00,0,60
src\routes\resume\+page.svelte,42,svelte,9f9bbab0,mariana,2025-04-03,11:27:13,-03:00,2025-04-03T11:27:13-03:00,0,4
src\routes\resume\+page.svelte,43,svelte,9f9bbab0,mariana,2025-04-03,11:27:13,-03:00,2025-04-03T11:27:13-03:00,0,9
src\routes\resume\+page.svelte,44,svelte,9f9bbab0,mariana,2025-04-03,11:27:13,-03:00,2025-04-03T11:27:13-03:00,0,5
src\routes\projects\+page.svelte,1,svelte,ef3c1fc1,mariana,2025-03-27,10:18:31,-03:00,2025-03-27T10:18:31-03:00,0,7
src\routes\projects\+page.svelte,2,js,cca98c77,mariana,2025-04-03,12:54:27,-03:00,2025-04-03T12:54:27-03:00,0,41
src\routes\projects\+page.svelte,3,js,cca98c77,mariana,2025-04-03,12:54:27,-03:00,2025-04-03T12:54:27-03:00,0,41
src\routes\projects\+page.svelte,4,js,cca98c77,mariana,2025-04-03,12:54:27,-03:00,2025-04-03T12:54:27-03:00,0,33
src\routes\projects\+page.svelte,5,js,cca98c77,mariana,2025-04-03,12:54:27,-03:00,2025-04-03T12:54:27-03:00,0,24
src\routes\projects\+page.svelte,6,js,cca98c77,mariana,2025-04-03,12:54:27,-03:00,2025-04-03T12:54:27-03:00,0,0
src\routes\projects\+page.svelte,7,js,cca98c77,mariana,2025-04-03,12:54:27,-03:00,2025-04-03T12:54:27-03:00,0,0
src\routes\projects\+page.svelte,8,js,cca98c77,mariana,2025-04-03,12:54:27,-03:00,2025-04-03T12:54:27-03:00,0,49
src\routes\projects\+page.svelte,9,js,cca98c77,mariana,2025-04-03,12:54:27,-03:00,2025-04-03T12:54:27-03:00,0,60
src\routes\projects\+page.svelte,10,js,cca98c77,mariana,2025-04-03,12:54:27,-03:00,2025-04-03T12:54:27-03:00,0,43
src\routes\projects\+page.svelte,11,js,cca98c77,mariana,2025-04-03,12:54:27,-03:00,2025-04-03T12:54:27-03:00,0,2
src\routes\projects\+page.svelte,12,js,cca98c77,mariana,2025-04-03,12:54:27,-03:00,2025-04-03T12:54:27-03:00,0,0
src\routes\projects\+page.svelte,13,js,cca98c77,mariana,2025-04-03,12:54:27,-03:00,2025-04-03T12:54:27-03:00,0,14
src\routes\projects\+page.svelte,14,js,cca98c77,mariana,2025-04-03,12:54:27,-03:00,2025-04-03T12:54:27-03:00,0,0
src\routes\projects\+page.svelte,15,js,cca98c77,mariana,2025-04-03,12:54:27,-03:00,2025-04-03T12:54:27-03:00,0,11
src\routes\projects\+page.svelte,16,js,cca98c77,mariana,2025-04-03,12:54:27,-03:00,2025-04-03T12:54:27-03:00,0,0
src\routes\projects\+page.svelte,17,js,cca98c77,mariana,2025-04-03,12:54:27,-03:00,2025-04-03T12:54:27-03:00,0,3
src\routes\projects\+page.svelte,18,js,cca98c77,mariana,2025-04-03,12:54:27,-03:00,2025-04-03T12:54:27-03:00,0,12
src\routes\projects\+page.svelte,19,js,cca98c77,mariana,2025-04-03,12:54:27,-03:00,2025-04-03T12:54:27-03:00,0,73
src\routes\projects\+page.svelte,20,js,cca98c77,mariana,2025-04-03,12:54:27,-03:00,2025-04-03T12:54:27-03:00,0,44
src\routes\projects\+page.svelte,21,js,cca98c77,mariana,2025-04-03,12:54:27,-03:00,2025-04-03T12:54:27-03:00,0,36
src\routes\projects\+page.svelte,22,js,cca98c77,mariana,2025-04-03,12:54:27,-03:00,2025-04-03T12:54:27-03:00,0,2
src\routes\projects\+page.svelte,23,js,cca98c77,mariana,2025-04-03,12:54:27,-03:00,2025-04-03T12:54:27-03:00,0,0
src\routes\projects\+page.svelte,24,js,cca98c77,mariana,2025-04-03,12:54:27,-03:00,2025-04-03T12:54:27-03:00,0,0
src\routes\projects\+page.svelte,25,js,cca98c77,mariana,2025-04-03,12:54:27,-03:00,2025-04-03T12:54:27-03:00,0,55
src\routes\projects\+page.svelte,26,js,cca98c77,mariana,2025-04-03,12:54:27,-03:00,2025-04-03T12:54:27-03:00,0,18
src\routes\projects\+page.svelte,27,js,cca98c77,mariana,2025-04-03,12:54:27,-03:00,2025-04-03T12:54:27-03:00,0,36
src\routes\projects\+page.svelte,28,js,cca98c77,mariana,2025-04-03,12:54:27,-03:00,2025-04-03T12:54:27-03:00,0,0
src\routes\projects\+page.svelte,29,js,cca98c77,mariana,2025-04-03,12:54:27,-03:00,2025-04-03T12:54:27-03:00,0,0
src\routes\projects\+page.svelte,30,js,cca98c77,mariana,2025-04-03,12:54:27,-03:00,2025-04-03T12:54:27-03:00,0,11
src\routes\projects\+page.svelte,31,js,cca98c77,mariana,2025-04-03,12:54:27,-03:00,2025-04-03T12:54:27-03:00,0,2
src\routes\projects\+page.svelte,32,js,cca98c77,mariana,2025-04-03,12:54:27,-03:00,2025-04-03T12:54:27-03:00,0,0
src\routes\projects\+page.svelte,33,js,cca98c77,mariana,2025-04-03,12:54:27,-03:00,2025-04-03T12:54:27-03:00,0,0
src\routes\projects\+page.svelte,34,js,cca98c77,mariana,2025-04-03,12:54:27,-03:00,2025-04-03T12:54:27-03:00,0,26
src\routes\projects\+page.svelte,35,js,cca98c77,mariana,2025-04-03,12:54:27,-03:00,2025-04-03T12:54:27-03:00,0,16
src\routes\projects\+page.svelte,36,js,cca98c77,mariana,2025-04-03,12:54:27,-03:00,2025-04-03T12:54:27-03:00,0,82
src\routes\projects\+page.svelte,37,js,cca98c77,mariana,2025-04-03,12:54:27,-03:00,2025-04-03T12:54:27-03:00,0,0
src\routes\projects\+page.svelte,38,js,cca98c77,mariana,2025-04-03,12:54:27,-03:00,2025-04-03T12:54:27-03:00,0,0
src\routes\projects\+page.svelte,39,svelte,ef3c1fc1,mariana,2025-03-27,10:18:31,-03:00,2025-03-27T10:18:31-03:00,0,8
src\routes\projects\+page.svelte,40,svelte,ef3c1fc1,mariana,2025-03-27,10:18:31,-03:00,2025-03-27T10:18:31-03:00,0,0
src\routes\projects\+page.svelte,41,svelte,9f9bbab0,mariana,2025-04-03,11:27:13,-03:00,2025-04-03T11:27:13-03:00,0,12
src\routes\projects\+page.svelte,42,svelte,cca98c77,mariana,2025-04-03,12:54:27,-03:00,2025-04-03T12:54:27-03:00,0,22
src\routes\projects\+page.svelte,43,svelte,9f9bbab0,mariana,2025-04-03,11:27:13,-03:00,2025-04-03T11:27:13-03:00,0,13
src\routes\projects\+page.svelte,44,svelte,ef3c1fc1,mariana,2025-03-27,10:18:31,-03:00,2025-03-27T10:18:31-03:00,0,0
src\routes\projects\+page.svelte,45,svelte,cca98c77,mariana,2025-04-03,12:54:27,-03:00,2025-04-03T12:54:27-03:00,0,29
src\routes\projects\+page.svelte,46,svelte,cca98c77,mariana,2025-04-03,12:54:27,-03:00,2025-04-03T12:54:27-03:00,0,60
src\routes\projects\+page.svelte,47,svelte,cca98c77,mariana,2025-04-03,12:54:27,-03:00,2025-04-03T12:54:27-03:00,0,0
src\routes\projects\+page.svelte,48,svelte,cca98c77,mariana,2025-04-03,12:54:27,-03:00,2025-04-03T12:54:27-03:00,0,106
src\routes\projects\+page.svelte,49,svelte,cca98c77,mariana,2025-04-03,12:54:27,-03:00,2025-04-03T12:54:27-03:00,0,0
src\routes\projects\+page.svelte,50,svelte,cca98c77,mariana,2025-04-03,12:54:27,-03:00,2025-04-03T12:54:27-03:00,0,0
src\routes\projects\+page.svelte,51,svelte,cca98c77,mariana,2025-04-03,12:54:27,-03:00,2025-04-03T12:54:27-03:00,0,42
src\routes\projects\+page.svelte,52,svelte,9f9bbab0,mariana,2025-04-03,11:27:13,-03:00,2025-04-03T11:27:13-03:00,0,21
src\routes\projects\+page.svelte,53,svelte,cca98c77,mariana,2025-04-03,12:54:27,-03:00,2025-04-03T12:54:27-03:00,0,26
src\routes\projects\+page.svelte,54,svelte,cca98c77,mariana,2025-04-03,12:54:27,-03:00,2025-04-03T12:54:27-03:00,0,18
src\routes\projects\+page.svelte,55,svelte,cca98c77,mariana,2025-04-03,12:54:27,-03:00,2025-04-03T12:54:27-03:00,0,13
src\routes\projects\+page.svelte,56,svelte,cca98c77,mariana,2025-04-03,12:54:27,-03:00,2025-04-03T12:54:27-03:00,0,17
src\routes\projects\+page.svelte,57,svelte,cca98c77,mariana,2025-04-03,12:54:27,-03:00,2025-04-03T12:54:27-03:00,0,27
src\routes\projects\+page.svelte,58,svelte,cca98c77,mariana,2025-04-03,12:54:27,-03:00,2025-04-03T12:54:27-03:00,0,2
src\routes\projects\+page.svelte,59,svelte,cca98c77,mariana,2025-04-03,12:54:27,-03:00,2025-04-03T12:54:27-03:00,0,14
src\routes\projects\+page.svelte,60,svelte,cca98c77,mariana,2025-04-03,12:54:27,-03:00,2025-04-03T12:54:27-03:00,0,3
src\routes\projects\+page.svelte,61,svelte,cca98c77,mariana,2025-04-03,12:54:27,-03:00,2025-04-03T12:54:27-03:00,0,13
src\routes\projects\+page.svelte,62,svelte,cca98c77,mariana,2025-04-03,12:54:27,-03:00,2025-04-03T12:54:27-03:00,0,6
src\routes\projects\+page.svelte,63,svelte,9f9bbab0,mariana,2025-04-03,11:27:13,-03:00,2025-04-03T11:27:13-03:00,0,5
src\routes\contact\+page.svelte,1,svelte,9f9bbab0,mariana,2025-04-03,11:27:13,-03:00,2025-04-03T11:27:13-03:00,0,0
src\routes\contact\+page.svelte,2,svelte,4ece5fd,mariana,2025-03-27,09:52:18,-03:00,2025-03-27T09:52:18-03:00,0,12
src\routes\contact\+page.svelte,3,svelte,9f9bbab0,mariana,2025-04-03,11:27:13,-03:00,2025-04-03T11:27:13-03:00,0,24
src\routes\contact\+page.svelte,4,svelte,4ece5fd,mariana,2025-03-27,09:52:18,-03:00,2025-03-27T09:52:18-03:00,0,13
src\routes\contact\+page.svelte,5,svelte,9f9bbab0,mariana,2025-04-03,11:27:13,-03:00,2025-04-03T11:27:13-03:00,0,50
src\routes\contact\+page.svelte,6,svelte,9f9bbab0,mariana,2025-04-03,11:27:13,-03:00,2025-04-03T11:27:13-03:00,0,83
src\routes\contact\+page.svelte,7,svelte,9f9bbab0,mariana,2025-04-03,11:27:13,-03:00,2025-04-03T11:27:13-03:00,0,90
src\routes\contact\+page.svelte,8,svelte,9f9bbab0,mariana,2025-04-03,11:27:13,-03:00,2025-04-03T11:27:13-03:00,0,83
src\routes\contact\+page.svelte,9,svelte,4ece5fd,mariana,2025-03-27,09:52:18,-03:00,2025-03-27T09:52:18-03:00,0,0
src\routes\contact\+page.svelte,10,svelte,9f9bbab0,mariana,2025-04-03,11:27:13,-03:00,2025-04-03T11:27:13-03:00,0,47
src\routes\contact\+page.svelte,11,svelte,9f9bbab0,mariana,2025-04-03,11:27:13,-03:00,2025-04-03T11:27:13-03:00,0,31
src\routes\contact\+page.svelte,12,svelte,9f9bbab0,mariana,2025-04-03,11:27:13,-03:00,2025-04-03T11:27:13-03:00,0,6
src\routes\contact\+page.svelte,13,svelte,9f9bbab0,mariana,2025-04-03,11:27:13,-03:00,2025-04-03T11:27:13-03:00,0,6
src\routes\contact\+page.svelte,14,css,9f9bbab0,mariana,2025-04-03,11:27:13,-03:00,2025-04-03T11:27:13-03:00,0,5
src\routes\contact\+page.svelte,15,css,9f9bbab0,mariana,2025-04-03,11:27:13,-03:00,2025-04-03T11:27:13-03:00,0,33
src\routes\contact\+page.svelte,16,css,9f9bbab0,mariana,2025-04-03,11:27:13,-03:00,2025-04-03T11:27:13-03:00,0,53
src\routes\contact\+page.svelte,17,css,9f9bbab0,mariana,2025-04-03,11:27:13,-03:00,2025-04-03T11:27:13-03:00,0,28
src\routes\contact\+page.svelte,18,css,9f9bbab0,mariana,2025-04-03,11:27:13,-03:00,2025-04-03T11:27:13-03:00,0,0
src\routes\contact\+page.svelte,19,css,9f9bbab0,mariana,2025-04-03,11:27:13,-03:00,2025-04-03T11:27:13-03:00,0,11
src\routes\contact\+page.svelte,20,css,9f9bbab0,mariana,2025-04-03,11:27:13,-03:00,2025-04-03T11:27:13-03:00,0,32
src\routes\contact\+page.svelte,21,css,9f9bbab0,mariana,2025-04-03,11:27:13,-03:00,2025-04-03T11:27:13-03:00,0,49
src\routes\contact\+page.svelte,22,css,9f9bbab0,mariana,2025-04-03,11:27:13,-03:00,2025-04-03T11:27:13-03:00,0,0
src\routes\contact\+page.svelte,23,css,9f9bbab0,mariana,2025-04-03,11:27:13,-03:00,2025-04-03T11:27:13-03:00,0,14
src\routes\contact\+page.svelte,24,css,9f9bbab0,mariana,2025-04-03,11:27:13,-03:00,2025-04-03T11:27:13-03:00,0,39
src\routes\contact\+page.svelte,25,css,9f9bbab0,mariana,2025-04-03,11:27:13,-03:00,2025-04-03T11:27:13-03:00,0,0
src\routes\contact\+page.svelte,26,svelte,9f9bbab0,mariana,2025-04-03,11:27:13,-03:00,2025-04-03T11:27:13-03:00,0,7
src\lib\Project.svelte,1,svelte,ef3c1fc1,mariana,2025-03-27,10:18:31,-03:00,2025-03-27T10:18:31-03:00,0,7
src\lib\Project.svelte,2,js,ef3c1fc1,mariana,2025-03-27,10:18:31,-03:00,2025-03-27T10:18:31-03:00,0,20
src\lib\Project.svelte,3,js,ef3c1fc1,mariana,2025-03-27,10:18:31,-03:00,2025-03-27T10:18:31-03:00,0,21
src\lib\Project.svelte,4,svelte,ef3c1fc1,mariana,2025-03-27,10:18:31,-03:00,2025-03-27T10:18:31-03:00,0,8
src\lib\Project.svelte,5,svelte,ef3c1fc1,mariana,2025-03-27,10:18:31,-03:00,2025-03-27T10:18:31-03:00,0,0
src\lib\Project.svelte,6,svelte,ef3c1fc1,mariana,2025-03-27,10:18:31,-03:00,2025-03-27T10:18:31-03:00,0,8
src\lib\Project.svelte,7,svelte,ef3c1fc1,mariana,2025-03-27,10:18:31,-03:00,2025-03-27T10:18:31-03:00,0,29
src\lib\Project.svelte,8,svelte,ef3c1fc1,mariana,2025-03-27,10:18:31,-03:00,2025-03-27T10:18:31-03:00,0,64
src\lib\Project.svelte,9,svelte,ef3c1fc1,mariana,2025-03-27,10:18:31,-03:00,2025-03-27T10:18:31-03:00,0,30
src\lib\Project.svelte,10,svelte,ef3c1fc1,mariana,2025-03-27,10:18:31,-03:00,2025-03-27T10:18:31-03:00,0,2
src\lib\Project.svelte,11,svelte,ef3c1fc1,mariana,2025-03-27,10:18:31,-03:00,2025-03-27T10:18:31-03:00,0,17
src\lib\Project.svelte,12,svelte,cca98c77,mariana,2025-04-03,12:54:27,-03:00,2025-04-03T12:54:27-03:00,0,32
src\lib\Project.svelte,13,svelte,cca98c77,mariana,2025-04-03,12:54:27,-03:00,2025-04-03T12:54:27-03:00,0,10
src\lib\Project.svelte,14,svelte,cca98c77,mariana,2025-04-03,12:54:27,-03:00,2025-04-03T12:54:27-03:00,0,0
src\lib\Project.svelte,15,svelte,ef3c1fc1,mariana,2025-03-27,10:18:31,-03:00,2025-03-27T10:18:31-03:00,0,3
src\lib\Project.svelte,16,svelte,ef3c1fc1,mariana,2025-03-27,10:18:31,-03:00,2025-03-27T10:18:31-03:00,0,9
src\lib\Project.svelte,17,svelte,ef3c1fc1,mariana,2025-03-27,10:18:31,-03:00,2025-03-27T10:18:31-03:00,0,0
src\lib\Project.svelte,18,svelte,ef3c1fc1,mariana,2025-03-27,10:18:31,-03:00,2025-03-27T10:18:31-03:00,0,6
src\lib\Project.svelte,19,css,9f9bbab0,mariana,2025-04-03,11:27:13,-03:00,2025-04-03T11:27:13-03:00,0,7
src\lib\Project.svelte,20,css,9f9bbab0,mariana,2025-04-03,11:27:13,-03:00,2025-04-03T11:27:13-03:00,1,13
src\lib\Project.svelte,21,css,9f9bbab0,mariana,2025-04-03,11:27:13,-03:00,2025-04-03T11:27:13-03:00,1,13
src\lib\Project.svelte,22,css,9f9bbab0,mariana,2025-04-03,11:27:13,-03:00,2025-04-03T11:27:13-03:00,1,27
src\lib\Project.svelte,23,css,9f9bbab0,mariana,2025-04-03,11:27:13,-03:00,2025-04-03T11:27:13-03:00,1,16
src\lib\Project.svelte,24,css,9f9bbab0,mariana,2025-04-03,11:27:13,-03:00,2025-04-03T11:27:13-03:00,0,0
src\lib\Project.svelte,25,css,9f9bbab0,mariana,2025-04-03,11:27:13,-03:00,2025-04-03T11:27:13-03:00,0,0
src\lib\Project.svelte,26,css,9f9bbab0,mariana,2025-04-03,11:27:13,-03:00,2025-04-03T11:27:13-03:00,0,10
src\lib\Project.svelte,27,css,9f9bbab0,mariana,2025-04-03,11:27:13,-03:00,2025-04-03T11:27:13-03:00,0,9
src\lib\Project.svelte,28,css,ef3c1fc1,mariana,2025-03-27,10:18:31,-03:00,2025-03-27T10:18:31-03:00,0,0
src\lib\Project.svelte,29,css,ef3c1fc1,mariana,2025-03-27,10:18:31,-03:00,2025-03-27T10:18:31-03:00,0,4
src\lib\Project.svelte,30,css,ef3c1fc1,mariana,2025-03-27,10:18:31,-03:00,2025-03-27T10:18:31-03:00,0,12
src\lib\Project.svelte,31,css,ef3c1fc1,mariana,2025-03-27,10:18:31,-03:00,2025-03-27T10:18:31-03:00,0,0
src\lib\Project.svelte,32,svelte,ef3c1fc1,mariana,2025-03-27,10:18:31,-03:00,2025-03-27T10:18:31-03:00,0,7
src\lib\Pie.svelte,1,svelte,cca98c77,mariana,2025-04-03,12:54:27,-03:00,2025-04-03T12:54:27-03:00,0,7
src\lib\Pie.svelte,2,js,cca98c77,mariana,2025-04-03,12:54:27,-03:00,2025-04-03T12:54:27-03:00,0,20
src\lib\Pie.svelte,3,js,cca98c77,mariana,2025-04-03,12:54:27,-03:00,2025-04-03T12:54:27-03:00,0,29
src\lib\Pie.svelte,4,js,cca98c77,mariana,2025-04-03,12:54:27,-03:00,2025-04-03T12:54:27-03:00,0,0
src\lib\Pie.svelte,5,js,cca98c77,mariana,2025-04-03,12:54:27,-03:00,2025-04-03T12:54:27-03:00,0,0
src\lib\Pie.svelte,6,js,cca98c77,mariana,2025-04-03,12:54:27,-03:00,2025-04-03T12:54:27-03:00,0,24
src\lib\Pie.svelte,7,js,cca98c77,mariana,2025-04-03,12:54:27,-03:00,2025-04-03T12:54:27-03:00,0,0
src\lib\Pie.svelte,8,js,cca98c77,mariana,2025-04-03,12:54:27,-03:00,2025-04-03T12:54:27-03:00,0,58
src\lib\Pie.svelte,9,js,cca98c77,mariana,2025-04-03,12:54:27,-03:00,2025-04-03T12:54:27-03:00,0,0
src\lib\Pie.svelte,10,js,cca98c77,mariana,2025-04-03,12:54:27,-03:00,2025-04-03T12:54:27-03:00,0,0
src\lib\Pie.svelte,11,js,cca98c77,mariana,2025-04-03,12:54:27,-03:00,2025-04-03T12:54:27-03:00,0,73
src\lib\Pie.svelte,12,js,cca98c77,mariana,2025-04-03,12:54:27,-03:00,2025-04-03T12:54:27-03:00,0,48
src\lib\Pie.svelte,13,js,cca98c77,mariana,2025-04-03,12:54:27,-03:00,2025-04-03T12:54:27-03:00,0,0
src\lib\Pie.svelte,14,js,cca98c77,mariana,2025-04-03,12:54:27,-03:00,2025-04-03T12:54:27-03:00,0,49
src\lib\Pie.svelte,15,js,cca98c77,mariana,2025-04-03,12:54:27,-03:00,2025-04-03T12:54:27-03:00,0,0
src\lib\Pie.svelte,16,js,cca98c77,mariana,2025-04-03,12:54:27,-03:00,2025-04-03T12:54:27-03:00,0,11
src\lib\Pie.svelte,17,js,cca98c77,mariana,2025-04-03,12:54:27,-03:00,2025-04-03T12:54:27-03:00,0,8
src\lib\Pie.svelte,18,js,cca98c77,mariana,2025-04-03,12:54:27,-03:00,2025-04-03T12:54:27-03:00,0,0
src\lib\Pie.svelte,19,js,cca98c77,mariana,2025-04-03,12:54:27,-03:00,2025-04-03T12:54:27-03:00,0,3
src\lib\Pie.svelte,20,js,cca98c77,mariana,2025-04-03,12:54:27,-03:00,2025-04-03T12:54:27-03:00,0,30
src\lib\Pie.svelte,21,js,cca98c77,mariana,2025-04-03,12:54:27,-03:00,2025-04-03T12:54:27-03:00,0,40
src\lib\Pie.svelte,22,js,cca98c77,mariana,2025-04-03,12:54:27,-03:00,2025-04-03T12:54:27-03:00,0,0
src\lib\Pie.svelte,23,js,cca98c77,mariana,2025-04-03,12:54:27,-03:00,2025-04-03T12:54:27-03:00,0,0
src\lib\Pie.svelte,24,js,cca98c77,mariana,2025-04-03,12:54:27,-03:00,2025-04-03T12:54:27-03:00,0,0
src\lib\Pie.svelte,25,svelte,cca98c77,mariana,2025-04-03,12:54:27,-03:00,2025-04-03T12:54:27-03:00,0,8
src\lib\Pie.svelte,26,svelte,cca98c77,mariana,2025-04-03,12:54:27,-03:00,2025-04-03T12:54:27-03:00,0,22
src\lib\Pie.svelte,27,svelte,cca98c77,mariana,2025-04-03,12:54:27,-03:00,2025-04-03T12:54:27-03:00,0,0
src\lib\Pie.svelte,28,svelte,cca98c77,mariana,2025-04-03,12:54:27,-03:00,2025-04-03T12:54:27-03:00,0,30
src\lib\Pie.svelte,29,svelte,cca98c77,mariana,2025-04-03,12:54:27,-03:00,2025-04-03T12:54:27-03:00,0,25
src\lib\Pie.svelte,30,svelte,cca98c77,mariana,2025-04-03,12:54:27,-03:00,2025-04-03T12:54:27-03:00,0,35
src\lib\Pie.svelte,31,svelte,cca98c77,mariana,2025-04-03,12:54:27,-03:00,2025-04-03T12:54:27-03:00,0,39
src\lib\Pie.svelte,32,svelte,cca98c77,mariana,2025-04-03,12:54:27,-03:00,2025-04-03T12:54:27-03:00,0,67
src\lib\Pie.svelte,33,svelte,cca98c77,mariana,2025-04-03,12:54:27,-03:00,2025-04-03T12:54:27-03:00,0,1
src\lib\Pie.svelte,34,svelte,cca98c77,mariana,2025-04-03,12:54:27,-03:00,2025-04-03T12:54:27-03:00,0,6
src\lib\Pie.svelte,35,svelte,cca98c77,mariana,2025-04-03,12:54:27,-03:00,2025-04-03T12:54:27-03:00,0,0
src\lib\Pie.svelte,36,svelte,cca98c77,mariana,2025-04-03,12:54:27,-03:00,2025-04-03T12:54:27-03:00,0,0
src\lib\Pie.svelte,37,svelte,cca98c77,mariana,2025-04-03,12:54:27,-03:00,2025-04-03T12:54:27-03:00,0,5
src\lib\Pie.svelte,38,svelte,cca98c77,mariana,2025-04-03,12:54:27,-03:00,2025-04-03T12:54:27-03:00,0,0
src\lib\Pie.svelte,39,svelte,cca98c77,mariana,2025-04-03,12:54:27,-03:00,2025-04-03T12:54:27-03:00,0,18
src\lib\Pie.svelte,40,svelte,cca98c77,mariana,2025-04-03,12:54:27,-03:00,2025-04-03T12:54:27-03:00,0,23
src\lib\Pie.svelte,41,svelte,cca98c77,mariana,2025-04-03,12:54:27,-03:00,2025-04-03T12:54:27-03:00,0,38
src\lib\Pie.svelte,42,svelte,cca98c77,mariana,2025-04-03,12:54:27,-03:00,2025-04-03T12:54:27-03:00,0,27
src\lib\Pie.svelte,43,svelte,cca98c77,mariana,2025-04-03,12:54:27,-03:00,2025-04-03T12:54:27-03:00,0,29
src\lib\Pie.svelte,44,svelte,cca98c77,mariana,2025-04-03,12:54:27,-03:00,2025-04-03T12:54:27-03:00,0,4
src\lib\Pie.svelte,45,svelte,cca98c77,mariana,2025-04-03,12:54:27,-03:00,2025-04-03T12:54:27-03:00,0,6
src\lib\Pie.svelte,46,svelte,cca98c77,mariana,2025-04-03,12:54:27,-03:00,2025-04-03T12:54:27-03:00,0,4
src\lib\Pie.svelte,47,svelte,cca98c77,mariana,2025-04-03,12:54:27,-03:00,2025-04-03T12:54:27-03:00,0,0
src\lib\Pie.svelte,48,svelte,cca98c77,mariana,2025-04-03,12:54:27,-03:00,2025-04-03T12:54:27-03:00,0,0
src\lib\Pie.svelte,49,svelte,cca98c77,mariana,2025-04-03,12:54:27,-03:00,2025-04-03T12:54:27-03:00,0,0
src\lib\Pie.svelte,50,svelte,cca98c77,mariana,2025-04-03,12:54:27,-03:00,2025-04-03T12:54:27-03:00,0,5
src\lib\Pie.svelte,51,svelte,cca98c77,mariana,2025-04-03,12:54:27,-03:00,2025-04-03T12:54:27-03:00,0,0
src\lib\Pie.svelte,52,svelte,cca98c77,mariana,2025-04-03,12:54:27,-03:00,2025-04-03T12:54:27-03:00,0,0
src\lib\Pie.svelte,53,svelte,cca98c77,mariana,2025-04-03,12:54:27,-03:00,2025-04-03T12:54:27-03:00,0,0
src\lib\Pie.svelte,54,svelte,cca98c77,mariana,2025-04-03,12:54:27,-03:00,2025-04-03T12:54:27-03:00,0,6
src\lib\Pie.svelte,55,css,cca98c77,mariana,2025-04-03,12:54:27,-03:00,2025-04-03T12:54:27-03:00,0,4
src\lib\Pie.svelte,56,css,cca98c77,mariana,2025-04-03,12:54:27,-03:00,2025-04-03T12:54:27-03:00,0,15
src\lib\Pie.svelte,57,css,cca98c77,mariana,2025-04-03,12:54:27,-03:00,2025-04-03T12:54:27-03:00,0,17
src\lib\Pie.svelte,58,css,cca98c77,mariana,2025-04-03,12:54:27,-03:00,2025-04-03T12:54:27-03:00,0,0
src\lib\Pie.svelte,59,css,cca98c77,mariana,2025-04-03,12:54:27,-03:00,2025-04-03T12:54:27-03:00,0,43
src\lib\Pie.svelte,60,css,cca98c77,mariana,2025-04-03,12:54:27,-03:00,2025-04-03T12:54:27-03:00,0,17
src\lib\Pie.svelte,61,css,cca98c77,mariana,2025-04-03,12:54:27,-03:00,2025-04-03T12:54:27-03:00,0,0
src\lib\Pie.svelte,62,css,cca98c77,mariana,2025-04-03,12:54:27,-03:00,2025-04-03T12:54:27-03:00,0,0
src\lib\Pie.svelte,63,css,cca98c77,mariana,2025-04-03,12:54:27,-03:00,2025-04-03T12:54:27-03:00,0,37
src\lib\Pie.svelte,64,css,cca98c77,mariana,2025-04-03,12:54:27,-03:00,2025-04-03T12:54:27-03:00,0,12
src\lib\Pie.svelte,65,css,cca98c77,mariana,2025-04-03,12:54:27,-03:00,2025-04-03T12:54:27-03:00,0,0
src\lib\Pie.svelte,66,css,cca98c77,mariana,2025-04-03,12:54:27,-03:00,2025-04-03T12:54:27-03:00,0,0
src\lib\Pie.svelte,67,css,cca98c77,mariana,2025-04-03,12:54:27,-03:00,2025-04-03T12:54:27-03:00,0,5
src\lib\Pie.svelte,68,css,cca98c77,mariana,2025-04-03,12:54:27,-03:00,2025-04-03T12:54:27-03:00,0,17
src\lib\Pie.svelte,69,css,cca98c77,mariana,2025-04-03,12:54:27,-03:00,2025-04-03T12:54:27-03:00,0,0
src\lib\Pie.svelte,70,css,cca98c77,mariana,2025-04-03,12:54:27,-03:00,2025-04-03T12:54:27-03:00,0,0
src\lib\Pie.svelte,71,css,cca98c77,mariana,2025-04-03,12:54:27,-03:00,2025-04-03T12:54:27-03:00,0,10
src\lib\Pie.svelte,72,css,cca98c77,mariana,2025-04-03,12:54:27,-03:00,2025-04-03T12:54:27-03:00,0,13
src\lib\Pie.svelte,73,css,cca98c77,mariana,2025-04-03,12:54:27,-03:00,2025-04-03T12:54:27-03:00,0,19
src\lib\Pie.svelte,74,css,cca98c77,mariana,2025-04-03,12:54:27,-03:00,2025-04-03T12:54:27-03:00,0,10
src\lib\Pie.svelte,75,css,cca98c77,mariana,2025-04-03,12:54:27,-03:00,2025-04-03T12:54:27-03:00,0,0
src\lib\Pie.svelte,76,css,cca98c77,mariana,2025-04-03,12:54:27,-03:00,2025-04-03T12:54:27-03:00,0,0
src\lib\Pie.svelte,77,css,cca98c77,mariana,2025-04-03,12:54:27,-03:00,2025-04-03T12:54:27-03:00,0,7
src\lib\Pie.svelte,78,css,cca98c77,mariana,2025-04-03,12:54:27,-03:00,2025-04-03T12:54:27-03:00,0,13
src\lib\Pie.svelte,79,css,cca98c77,mariana,2025-04-03,12:54:27,-03:00,2025-04-03T12:54:27-03:00,0,58
src\lib\Pie.svelte,80,css,cca98c77,mariana,2025-04-03,12:54:27,-03:00,2025-04-03T12:54:27-03:00,0,23
src\lib\Pie.svelte,81,css,cca98c77,mariana,2025-04-03,12:54:27,-03:00,2025-04-03T12:54:27-03:00,0,12
src\lib\Pie.svelte,82,css,cca98c77,mariana,2025-04-03,12:54:27,-03:00,2025-04-03T12:54:27-03:00,0,11
src\lib\Pie.svelte,83,css,cca98c77,mariana,2025-04-03,12:54:27,-03:00,2025-04-03T12:54:27-03:00,0,7
src\lib\Pie.svelte,84,css,cca98c77,mariana,2025-04-03,12:54:27,-03:00,2025-04-03T12:54:27-03:00,0,0
src\lib\Pie.svelte,85,css,cca98c77,mariana,2025-04-03,12:54:27,-03:00,2025-04-03T12:54:27-03:00,0,0
src\lib\Pie.svelte,86,css,cca98c77,mariana,2025-04-03,12:54:27,-03:00,2025-04-03T12:54:27-03:00,0,10
src\lib\Pie.svelte,87,css,cca98c77,mariana,2025-04-03,12:54:27,-03:00,2025-04-03T12:54:27-03:00,0,12
src\lib\Pie.svelte,88,css,cca98c77,mariana,2025-04-03,12:54:27,-03:00,2025-04-03T12:54:27-03:00,0,19
src\lib\Pie.svelte,89,css,cca98c77,mariana,2025-04-03,12:54:27,-03:00,2025-04-03T12:54:27-03:00,0,10
src\lib\Pie.svelte,90,css,cca98c77,mariana,2025-04-03,12:54:27,-03:00,2025-04-03T12:54:27-03:00,0,0
src\lib\Pie.svelte,91,css,cca98c77,mariana,2025-04-03,12:54:27,-03:00,2025-04-03T12:54:27-03:00,0,0
src\lib\Pie.svelte,92,css,cca98c77,mariana,2025-04-03,12:54:27,-03:00,2025-04-03T12:54:27-03:00,0,7
src\lib\Pie.svelte,93,css,cca98c77,mariana,2025-04-03,12:54:27,-03:00,2025-04-03T12:54:27-03:00,0,21
src\lib\Pie.svelte,94,css,cca98c77,mariana,2025-04-03,12:54:27,-03:00,2025-04-03T12:54:27-03:00,0,30
src\lib\Pie.svelte,95,css,cca98c77,mariana,2025-04-03,12:54:27,-03:00,2025-04-03T12:54:27-03:00,0,10
src\lib\Pie.svelte,96,css,cca98c77,mariana,2025-04-03,12:54:27,-03:00,2025-04-03T12:54:27-03:00,0,11
src\lib\Pie.svelte,97,css,cca98c77,mariana,2025-04-03,12:54:27,-03:00,2025-04-03T12:54:27-03:00,0,0
src\lib\Pie.svelte,98,css,cca98c77,mariana,2025-04-03,12:54:27,-03:00,2025-04-03T12:54:27-03:00,0,0
src\lib\Pie.svelte,99,css,cca98c77,mariana,2025-04-03,12:54:27,-03:00,2025-04-03T12:54:27-03:00,0,69
src\lib\Pie.svelte,100,css,cca98c77,mariana,2025-04-03,12:54:27,-03:00,2025-04-03T12:54:27-03:00,0,39
src\lib\Pie.svelte,101,css,cca98c77,mariana,2025-04-03,12:54:27,-03:00,2025-04-03T12:54:27-03:00,0,12
src\lib\Pie.svelte,102,css,cca98c77,mariana,2025-04-03,12:54:27,-03:00,2025-04-03T12:54:27-03:00,0,0
src\lib\Pie.svelte,103,css,cca98c77,mariana,2025-04-03,12:54:27,-03:00,2025-04-03T12:54:27-03:00,0,0
src\lib\Pie.svelte,104,css,cca98c77,mariana,2025-04-03,12:54:27,-03:00,2025-04-03T12:54:27-03:00,0,10
src\lib\Pie.svelte,105,css,cca98c77,mariana,2025-04-03,12:54:27,-03:00,2025-04-03T12:54:27-03:00,0,36
src\lib\Pie.svelte,106,css,cca98c77,mariana,2025-04-03,12:54:27,-03:00,2025-04-03T12:54:27-03:00,0,0
src\lib\Pie.svelte,107,css,cca98c77,mariana,2025-04-03,12:54:27,-03:00,2025-04-03T12:54:27-03:00,0,11
src\lib\Pie.svelte,108,css,cca98c77,mariana,2025-04-03,12:54:27,-03:00,2025-04-03T12:54:27-03:00,0,29
src\lib\Pie.svelte,109,css,cca98c77,mariana,2025-04-03,12:54:27,-03:00,2025-04-03T12:54:27-03:00,0,0
src\lib\Pie.svelte,110,css,cca98c77,mariana,2025-04-03,12:54:27,-03:00,2025-04-03T12:54:27-03:00,0,0
src\lib\Pie.svelte,111,css,cca98c77,mariana,2025-04-03,12:54:27,-03:00,2025-04-03T12:54:27-03:00,0,9
src\lib\Pie.svelte,112,css,cca98c77,mariana,2025-04-03,12:54:27,-03:00,2025-04-03T12:54:27-03:00,0,19
src\lib\Pie.svelte,113,css,cca98c77,mariana,2025-04-03,12:54:27,-03:00,2025-04-03T12:54:27-03:00,0,0
src\lib\Pie.svelte,114,css,cca98c77,mariana,2025-04-03,12:54:27,-03:00,2025-04-03T12:54:27-03:00,0,0
src\lib\Pie.svelte,115,css,cca98c77,mariana,2025-04-03,12:54:27,-03:00,2025-04-03T12:54:27-03:00,0,0
src\lib\Pie.svelte,116,css,cca98c77,mariana,2025-04-03,12:54:27,-03:00,2025-04-03T12:54:27-03:00,0,36
src\lib\Pie.svelte,117,css,cca98c77,mariana,2025-04-03,12:54:27,-03:00,2025-04-03T12:54:27-03:00,0,11
src\lib\Pie.svelte,118,css,cca98c77,mariana,2025-04-03,12:54:27,-03:00,2025-04-03T12:54:27-03:00,0,0
src\lib\Pie.svelte,119,css,cca98c77,mariana,2025-04-03,12:54:27,-03:00,2025-04-03T12:54:27-03:00,0,0
src\lib\Pie.svelte,120,css,cca98c77,mariana,2025-04-03,12:54:27,-03:00,2025-04-03T12:54:27-03:00,0,11
src\lib\Pie.svelte,121,css,cca98c77,mariana,2025-04-03,12:54:27,-03:00,2025-04-03T12:54:27-03:00,0,24
src\lib\Pie.svelte,122,css,cca98c77,mariana,2025-04-03,12:54:27,-03:00,2025-04-03T12:54:27-03:00,0,0
src\lib\Pie.svelte,123,css,cca98c77,mariana,2025-04-03,12:54:27,-03:00,2025-04-03T12:54:27-03:00,0,0
src\lib\Pie.svelte,124,css,cca98c77,mariana,2025-04-03,12:54:27,-03:00,2025-04-03T12:54:27-03:00,0,0
src\lib\Pie.svelte,125,css,cca98c77,mariana,2025-04-03,12:54:27,-03:00,2025-04-03T12:54:27-03:00,0,5
src\lib\Pie.svelte,126,css,cca98c77,mariana,2025-04-03,12:54:27,-03:00,2025-04-03T12:54:27-03:00,0,8
src\lib\Pie.svelte,127,css,cca98c77,mariana,2025-04-03,12:54:27,-03:00,2025-04-03T12:54:27-03:00,0,15
src\lib\Pie.svelte,128,css,cca98c77,mariana,2025-04-03,12:54:27,-03:00,2025-04-03T12:54:27-03:00,0,0
src\lib\Pie.svelte,129,svelte,cca98c77,mariana,2025-04-03,12:54:27,-03:00,2025-04-03T12:54:27-03:00,0,7
